,source,author,title,description,url,urlToImage,publishedAt,content
0,"{'id': None, 'name': 'Bitcoinist'}",Scott Matherson,"Solana Wins Institutional Investors’ Trust Over Bitcoin And Ethereum, Here’s How","Solana is in the lead again, as the majority of crypto assets investment products witnessed net outflows of investments last week, bringing an end to 11 consecutive weeks of inflows. This wasn’t surprising though, as most cryptocurrencies went through a brief…",https://bitcoinist.com/solana-trust-bitcoin-and-ethereum/,,2023-12-19T13:30:59Z,"Solana is in the lead again, as the majority of crypto assets investment products witnessed net outflows of investments last week, bringing an end to 11 consecutive weeks of inflows. This wasn’t surp… [+2581 chars]"
1,"{'id': None, 'name': 'CryptoGlobe'}",CryptoGlobe Writer,"IOG CEO Charles Hoskinson Celebrates Cardano’s High Network Activity, Mocks ‘Ghost Chain’ Narrative","Yesterday, Charles Hoskinson, Co-Founder and CEO of Input Output Global (IOG), addressed the growing concerns regarding Cardano’s network capacity. His comments come amidst a broader discussion about the platform’s scalability and utility, challenging previou…",https://www.cryptoglobe.com/latest/2023/12/iog-ceo-charles-hoskinson-celebrates-cardanos-high-network-activity-mocks-ghost-chain-narrative/,https://media.cryptoglobe.com/2022/11/Charles-Hoskinson-on-12-Nov-2022-768x415.jpg,2023-12-19T12:14:34Z,"Yesterday, Charles Hoskinson, Co-Founder and CEO of Input Output Global (IOG), addressed the growing concerns regarding Cardanos network capacity. His comments come amidst a broader discussion about … [+4295 chars]"
2,"{'id': None, 'name': 'Biztoc.com'}",u.today,"Price Aims for Epic 15% Upside, But There's Barrier to Overcome","In a promising turn of events, Cardano's ADA has ignited a bullish trend at the onset of the new week, shaking off last week's brief respite after a formidable 50.62% surge. ADA enthusiasts have reason to celebrate once more as the token flaunts a 3.8% gain, …",https://biztoc.com/x/24d0000b34c22734,https://c.biztoc.com/p/24d0000b34c22734/s.webp,2023-12-19T12:08:09Z,"In a promising turn of events, Cardano's ADA has ignited a bullish trend at the onset of the new week, shaking off last week's brief respite after a formidable 50.62% surge. ADA enthusiasts have reas… [+216 chars]"
3,"{'id': None, 'name': 'Biztoc.com'}",coinpedia.org,Cardano Displaying Strength: Will the ADA Price Reach the Top or Not?,A passionate cryptocurrency and blockchain author qualified to cover every event in the crypto space. Researching minute occurrences and bringing new insights lie within the prime focus of my task. The markets are displaying some strength after being stuck wi…,https://biztoc.com/x/ab95d696cdb60b7f,https://c.biztoc.com/p/ab95d696cdb60b7f/s.webp,2023-12-19T11:36:31Z,A passionate cryptocurrency and blockchain author qualified to cover every event in the crypto space. Researching minute occurrences and bringing new insights lie within the prime focus of my task.Th… [+227 chars]
4,"{'id': None, 'name': 'Finbold.com'}",Ana Zirojevic,Top 3 cryptocurrencies to buy in January 2024,"With January 2024 fast approaching, the cryptocurrency sector as a whole is starting to look bullish, led by the price … Continued
The post Top 3 cryptocurrencies to buy in January 2024 appeared first on Finbold.",https://finbold.com/top-3-cryptocurrencies-to-buy-in-january-2024/,https://finbold.com/app/uploads/2023/12/Top-3-cryptocurrencies-to-buy-in-January-2024.jpg,2023-12-19T11:11:24Z,"With January 2024 fast approaching, the cryptocurrency sector as a whole is starting to look bullish, led by the price gains of its representative asset that is back on track around the $43,000 thres… [+2881 chars]"
5,"{'id': 'info-money', 'name': 'InfoMoney'}",lucasgmarins,Bitcoin sobe forte e passa dos US$ 43 mil após BlackRock revisar pedido de ETF,"De acordo com a proposta atualizada, o produto financeiro vai permitir resgates em dinheiro
The post Bitcoin sobe forte e passa dos US$ 43 mil após BlackRock revisar pedido de ETF appeared first on InfoMoney.",https://www.infomoney.com.br/mercados/bitcoin-hoje-sobe-forte-e-passa-dos-us-43-mil-apos-blackrock-revisar-pedido-de-etf/,https://www.infomoney.com.br/wp-content/uploads/2023/02/GettyImages-947528908.jpg?quality=70,2023-12-19T11:01:14Z,O Bitcoin (BTC) disparou e voltou a ser negociado acima dos US$ 43 mil após a gestora BlackRock revisar seu pedido de ETF (fundo de índice) com exposição direta à criptomoeda para se adequar às exigê… [+4468 chars]
6,"{'id': None, 'name': 'Biztoc.com'}",thecryptobasic.com,Cardano Founder Touts Protocol’s Scalability in Jab Against Critics,"Charles Hoskinson has taken a jab at critics of the Cardano blockchain network, calling attention to the protocol’s impressive growth rate. Cardano is arguably one of the most bashed crypto protocols in Web 3 today. While the reasons it has so many critics ar…",https://biztoc.com/x/ff1b812b34147395,https://c.biztoc.com/p/ff1b812b34147395/s.webp,2023-12-19T10:56:07Z,"Charles Hoskinson has taken a jab at critics of the Cardano blockchain network, calling attention to the protocols impressive growth rate.Cardano is arguably one of the most bashed crypto protocols i… [+318 chars]"
7,"{'id': None, 'name': 'Bolsamania.com'}",Álvaro Estévez,EEUU confirma la sanción de la CFTC contra Binance: deberá pagar 2.700 millones,"Un tribunal de Estados Unidos ha confirmado parte de la histórica multa impuesta a Binance, por la cual la criptobolsa deberá pagar 2.700 millones de dólares a la Comisión de Comercio de Futuros de Materias Primas (CFTC, por sus siglas en inglés).",https://www.bolsamania.com/noticias/criptodivisas/eeuu-confirma-sancion-cftc-binance-pagar-2700-millones--15644432.html,https://img6.s3wfg.com/web/img/images_uploaded/b/5/richard_teng_binance_ok.jpg,2023-12-19T10:38:53Z,"Un tribunal de Estados Unidos ha confirmado parte de la histórica multa impuesta a Binance, por la cual la criptobolsa deberá pagar 2.700 millones de dólares a la Comisión de Comercio de Futuros de M… [+5150 chars]"
8,"{'id': None, 'name': 'Biztoc.com'}",u.today,"Cardano Founder Dispels Concerns About ADA Blocks Being Too Full, Here's Explanation","Billionaire and mathematician Charles Hoskinson, who created IOG and then built the Cardano blockchain with his team, has published a post to address the growing concerns about Cardano blocks being allegedly too full and unable to take in more data. He notice…",https://biztoc.com/x/cc1da48c2699452a,https://c.biztoc.com/p/cc1da48c2699452a/s.webp,2023-12-19T10:30:17Z,"Billionaire and mathematician Charles Hoskinson, who created IOG and then built the Cardano blockchain with his team, has published a post to address the growing concerns about Cardano blocks being a… [+279 chars]"
9,"{'id': None, 'name': 'Biztoc.com'}",cryptopotato.com,"Bitcoin Skyrockets to $43K Again, Solana and Cardano Jump by 10% (Market Watch)","After several days of trading south and dropping to around $40,500, bitcoin finally initiated a notable leg-up that resulted in soaring past $43,000 earlier today. The altcoins have also turned green, with SOL jumping above $70 and ADA touching $0.6. BTC Back…",https://biztoc.com/x/fb8f87ddf002b240,https://c.biztoc.com/p/fb8f87ddf002b240/s.webp,2023-12-19T09:44:06Z,"After several days of trading south and dropping to around $40,500, bitcoin finally initiated a notable leg-up that resulted in soaring past $43,000 earlier today.The altcoins have also turned green,… [+275 chars]"
10,"{'id': None, 'name': 'Bolsamania.com'}",Álvaro Estévez,El bitcoin recupera los 43.000 dólares: el mercado da por hecho que habrá ETF al contado,"Volantazo en el mercado de las criptomonedas. El bitcoin (BTC) se despereza tras un débil inicio de semana y se sitúa por encima de los 43.000 dólares, mientras que el ethereum (ETH) sigue su estela y escala hasta los 2.250 dólares.",https://www.bolsamania.com/noticias/criptodivisas/bitcoin-43000-mercado-hecho-etf-contado--15643860.html,https://img2.s3wfg.com/web/img/images_uploaded/b/8/bitcoin_dolar.jpg,2023-12-19T09:35:03Z,"Volantazo en el mercado de las criptomonedas. El bitcoin (BTC) se despereza tras un débil inicio de semana y se sitúa por encima de los 43.000 dólares, mientras que el ethereum (ETH) sigue su estela … [+3116 chars]"
11,"{'id': 'the-times-of-india', 'name': 'The Times of India'}",Navdeep Singh,"Crypto Price Today: Bitcoin trades near $43,000; Ethereum, Solana jump up to 8%","After trading in the red for the first time in 9 weeks, BTC started the 10th week hitting early $40k support levels but bounced soon to test $43.5k. At the same time, BTC has been able to maintain its dominance at 53.5% for the past few days, which is a posit…",https://economictimes.indiatimes.com/markets/cryptocurrency/crypto-podcast/crypto-prices-today-live-news-bitcoin-dogecoin-ethereum-shibha-inu-cryptocurrency-latest-updates-19-november-2023/articleshow/106118127.cms,"https://img.etimg.com/thumb/msid-106118107,width-1200,height-630,imgsize-239624,overlay-etmarkets/photo.jpg",2023-12-19T08:00:27Z,"The cryptocurrency markets were trading higher on Tuesday, led by gains in Bitcoin, Ethereum, BNB and Solana. The global cryptocurrency market cap also rallied nearly 3.6% to around $1.61 trillion in… [+2088 chars]"
12,"{'id': None, 'name': 'Biztoc.com'}",ambcrypto.com,"Crypto-funds see first outflows in 11 weeks as Bitcoin, Ethereum…","Digital assets recorded outflows last week for the first time in almost three months. This was due to a surge in profit-taking activity. Capital flight from investment products totaled $16 million last week, marking a potential shift in sentiment after a peri…",https://biztoc.com/x/da6e934660a7d710,https://c.biztoc.com/p/da6e934660a7d710/s.webp,2023-12-19T06:42:09Z,Digital assets recorded outflows last week for the first time in almost three months.This was due to a surge in profit-taking activity.Capital flight from investment products totaled $16 million last… [+271 chars]
13,"{'id': None, 'name': 'Gadgets360.com'}","Radhika Parashar, Siddharth Suvarna","Crypto Price Today: Bitcoin Recoils to $42,000 Mark as Profits Rain Over Majority Crypto Assets","The overall crypto market cap rose by 3.91 percent in the last 24 hours. Bitcoin and Ether, both recorded gains on Tuesday, December 19. The rally is potentially fueled by Galaxy Digital's commitment to revive collapsed crypto projects, including FTX. On the …",https://www.gadgets360.com/cryptocurrency/news/bitcoin-price-today-usd-42000-profits-ether-altcoins-india-4701727,https://i.gadgets360cdn.com/large/india-btc_eth_pixabay_Dean_Crosby_101_large_1652675059057.jpg,2023-12-19T06:30:17Z,"The overall crypto chart appeared lush with greens as most cryptocurrencies saw gains on Tuesday, December 19. Bitcoin, for instance, rose in value by 4.75 percent in the last 24 hours. At the time o… [+2903 chars]"
14,"{'id': None, 'name': 'Ambcrypto.com'}",Abiodun Oladokun,"Crypto-funds see first outflows in 11 weeks as Bitcoin, Ethereum…",An increase in profit-taking activity results in fund removal worth $16 million from crypto.,https://ambcrypto.com/?p=359410,https://statics.ambcrypto.com/wp-content/uploads/2023/12/ambcrypto_Prompt_-_A_digital_landscape_with_cascading_streams_o_eb464cca-534f-4b5b-ab87-93d3778f95cd-1000x600.jpg,2023-12-19T06:30:09Z,<ul><li>Digital assets recorded outflows last week for the first time in almost three months.</li><li>This was due to a surge in profit-taking activity.</li></ul>Capital flight from investment produc… [+2393 chars]
15,"{'id': None, 'name': 'newsBTC'}",Samuel Edyme,Crypto Funds’ 11-Week Inflow Streak Snapped: Bitcoin Faces $33M Exodus As Altcoins Shine,"The crypto investment landscape has experienced a notable shift recently, as digital asset investment products saw their first net outflows in 11 weeks. This development was predominantly led by Bitcoin, which had previously enjoyed a consistent inflow into v…",http://www.newsbtc.com/bitcoin-news/crypto-funds-11-week-inflow-streak-snapped-bitcoin-faces-33m-exodus-as-altcoins-shine/,https://www.newsbtc.com/wp-content/uploads/2023/12/Crypto-Funds-11-Week-Inflow-Streak-Snapped-Bitcoin-Faces-33M-Exodus-As-Altcoins-Shine.jpg?fit=507%2C337,2023-12-19T02:00:01Z,"The crypto investment landscape has experienced a notable shift recently, as digital asset investment products saw their first net outflows in 11 weeks. This development was predominantly led by Bitc… [+3164 chars]"
16,"{'id': None, 'name': 'Biztoc.com'}",newsbtc.com,Machine Learning Algorithm Predicts When Cardano Price Will Hit New $6.5 ATH,"The machine learning algorithm at CoinCodex has predicted when the Cardano price will reach a new all-time high. The coin which has been performing quite well in the last few weeks is still miles away from its current all-time high of $3.1. However, the machi…",https://biztoc.com/x/21caf0aa69da6968,https://c.biztoc.com/p/21caf0aa69da6968/s.webp,2023-12-18T23:14:07Z,The machine learning algorithm at CoinCodex has predicted when the Cardano price will reach a new all-time high. The coin which has been performing quite well in the last few weeks is still miles awa… [+289 chars]
17,"{'id': None, 'name': 'newsBTC'}",Best Owie,Machine Learning Algorithm Predicts When Cardano Price Will Hit New $6.5 ATH,"The machine learning algorithm at CoinCodex has predicted when the Cardano price will reach a new all-time high. The coin which has been performing quite well in the last few weeks is still miles away from its current all-time high of $3.1. However, the machi…",http://www.newsbtc.com/news/cardano/cardano-price-6-5-ath/,https://www.newsbtc.com/wp-content/uploads/2023/12/Cardano-price.jpeg?fit=1365%2C800,2023-12-18T23:00:49Z,The machine learning algorithm at CoinCodex has predicted when the Cardano price will reach a new all-time high. The coin which has been performing quite well in the last few weeks is still miles awa… [+2789 chars]
18,"{'id': None, 'name': 'Cointelegraph'}",Santiago Cassina,Costos de transacción: Bitcoin vs. Cardano,"Bitcoin y Cardano se distinguen por varias cosas, en particular por la metodología para el cálculo de las tarifas por cada transacción. ¿Cómo calcula las tarifas cada red?
 A medida que la red Bitcoin es más utilizada, o se ""sobrecarga"", las tarifas por trans…",https://es.cointelegraph.com/news/transaction-costs-bitcoin-vs-cardano,"https://images.cointelegraph.com/cdn-cgi/image/format=auto,onerror=redirect,quality=90,width=1200/https://s3.cointelegraph.com/uploads/2023-05/920a0daa-ea87-40c2-b418-85ed8be960e6.jpg",2023-12-18T21:15:00Z,"A medida que la red Bitcoin es más utilizada, o se ""sobrecarga"", las tarifas por transacción suelen tener incrementos considerables, como sucede en ciertas ocasiones. En la red Cardano, las comisione… [+8199 chars]"
19,"{'id': None, 'name': 'Biztoc.com'}",watcher.guru,Here’s How to Be a Millionaire When Cardano ADA Hits $2,"supporters and investors are closely monitoring the asset’s price movements following a recent retreat from its 20-month peak of $0.68 on Dec. 14. Despite a temporary decline to $0.57, marking a 16% correction, on-chain data suggests that Cardano’s fundamenta…",https://biztoc.com/x/7ecfe8abef082105,https://c.biztoc.com/p/7ecfe8abef082105/s.webp,2023-12-18T21:10:09Z,"supporters and investors are closely monitoring the assets price movements following a recent retreat from its 20-month peak of $0.68 on Dec. 14. Despite a temporary decline to $0.57, marking a 16% c… [+266 chars]"
20,"{'id': None, 'name': 'Biztoc.com'}",coingape.com,"Cardano Founder to Critics, “We are Winning,” Just like Bitcoin","Charles Hoskinson, the founder of Cardano layer-1 protocol has directed one of his latest posts on the X app to the network’s critics, touting the scalability of the network while comparing its win to that of flagship cryptocurrency Bitcoin (BTC). Hoskinson R…",https://biztoc.com/x/2a42ee627e227688,https://c.biztoc.com/p/2a42ee627e227688/s.webp,2023-12-18T20:52:15Z,"Charles Hoskinson, the founder of Cardano layer-1 protocol has directed one of his latest posts on the X app to the networks critics, touting the scalability of the network while comparing its win to… [+282 chars]"
21,"{'id': None, 'name': 'Cointelegraph'}",Rakesh Upadhyay,"Análisis de precios al 18/12: SPX, DXY, BTC, ETH, BNB, XRP, SOL, ADA, AVAX, DOGE","Puede que bitcoin siga bajo presión durante unos días, pero es poco probable que se produzca un desplome, puesto que se espera que los traders compren las caídas a la espera de un ETF de bitcoin al contado.
 El índice S&P 500 (SPX) subió un 2.49% la semana pa…",https://es.cointelegraph.com/news/price-analysis-12-18-spx-dxy-btc-eth-bnb-xrp-sol-ada-avax-doge,"https://images.cointelegraph.com/cdn-cgi/image/format=auto,onerror=redirect,quality=90,width=1200/https://s3.cointelegraph.com/uploads/2023-12/b3279912-cb00-455b-a766-d1b200a0017c.jpg",2023-12-18T20:45:00Z,"El índice S&amp;P 500 (SPX) subió un 2.49% la semana pasada, extendiendo su racha de ganancias semanales a siete semanas, la más larga desde 2017. Sin embargo, bitcoin (BTC) no pudo mantener su impul… [+9711 chars]"
22,"{'id': None, 'name': 'Cointelegraph'}",Gustavo Godoy,Solana vs Ethereum: ¿Quién ganará la batalla?,"Ethereum manda, pero Solana brilla por velocidad, escala y precio. ¿Quién ganará? 
 Ethereum es una plataforma de blockchain que permite crear aplicaciones descentralizadas, contratos inteligentes y tokens. Desde su lanzamiento en 2015, ha sido la líder indis…",https://es.cointelegraph.com/news/solana-vs-ethereum-who-will-win-the-battle,"https://images.cointelegraph.com/cdn-cgi/image/format=auto,onerror=redirect,quality=90,width=1200/https://s3.cointelegraph.com/storage/uploads/view/912388d058536995b631ae0fdfccb1df.jpg",2023-12-18T20:39:00Z,"Ethereum es una plataforma de blockchain que permite crear aplicaciones descentralizadas, contratos inteligentes y tokens. Desde su lanzamiento en 2015, ha sido la líder indiscutible en este campo, c… [+7570 chars]"
23,"{'id': None, 'name': 'Biztoc.com'}",decrypt.co,"Bitcoin Funds See 'Profit-Taking' Dip, But Investors Still Like Solana","Big investors have pulled some money out of Bitcoin products, but they’re still eyeing up the alts—with Solana (SOL) attracting the most attention. Investors plugged $21 million into crypto funds last week, digital asset fund manager CoinShares said in a Mond…",https://biztoc.com/x/a570f78bee8ec362,https://c.biztoc.com/p/a570f78bee8ec362/s.webp,2023-12-18T19:28:16Z,"Big investors have pulled some money out of Bitcoin products, but theyre still eyeing up the altswith Solana (SOL) attracting the most attention.Investors plugged $21 million into crypto funds last w… [+276 chars]"
24,"{'id': None, 'name': 'Decrypt'}",Mathew Di Salvo,"Bitcoin Funds See 'Profit-Taking' Dip, But Investors Still Like Solana",Solana and other altcoin funds saw $21 million deposited last week.,https://decrypt.co/210155/bitcoin-funds-see-profit-taking-dip-but-investors-still-like-solana,https://cdn.decrypt.co/resize/1024/height/512/wp-content/uploads/2023/06/solana-ripple-bitcoin-cardano-ethereum-coins-gID_7.jpg,2023-12-18T19:16:33Z,"Big investors have pulled some money out of Bitcoin products, but theyre still eyeing up the altswith Solana (SOL) attracting the most attention. 
Investors plugged $21 million into crypto funds las… [+2046 chars]"
25,"{'id': None, 'name': 'Biztoc.com'}",bitcoinist.com,Cardano Founder Gives Reasons Why ADA Can Never Work With XRP,"Cardano founder, Charles Hoskinson, has once again reasserted his opinion on a potential partnership between XRP and Cardano’s ADA. His recent comment after a member of the XRP community dug up past remarks that the Cardano founder had made on this same subje…",https://biztoc.com/x/9cfc35ec05b40c5d,https://c.biztoc.com/p/9cfc35ec05b40c5d/s.webp,2023-12-18T19:06:05Z,"Cardano founder, Charles Hoskinson, has once again reasserted his opinion on a potential partnership between XRP and Cardanos ADA. His recent comment after a member of the XRP community dug up past r… [+287 chars]"
26,"{'id': None, 'name': 'Bitcoinist'}",Scott Matherson,Cardano Founder Gives Reasons Why ADA Can Never Work With XRP,"Cardano founder, Charles Hoskinson, has once again reasserted his opinion on a potential partnership between XRP and Cardano’s ADA. His recent comment after a member of the XRP community dug up past remarks that the Cardano founder had made on this same subje…",https://bitcoinist.com/cardano-founder-ada-xrp/,https://bitcoinist.com/wp-content/uploads/2023/12/Cardano-founder-ADA-XRPO.jpeg,2023-12-18T19:00:10Z,"Cardano founder, Charles Hoskinson, has once again reasserted his opinion on a potential partnership between XRP and Cardanos ADA. His recent comment after a member of the XRP community dug up past r… [+2661 chars]"
27,"{'id': None, 'name': 'Cointelegraph'}",Cointelegraph by Rakesh Upadhyay,"Price analysis 12/18: SPX, DXY, BTC, ETH, BNB, XRP, SOL, ADA, AVAX, DOGE","Bitcoin may remain under pressure for a few days, but a collapse is unlikely as traders are expected to buy the dips in anticipation of a spot Bitcoin ETF.",https://cointelegraph.com/news/price-analysis-12-18-spx-dxy-btc-eth-bnb-xrp-sol-ada-avax-doge,"https://images.cointelegraph.com/cdn-cgi/image/format=auto,onerror=redirect,quality=90,width=1200/https://s3.cointelegraph.com/uploads/2023-12/b3279912-cb00-455b-a766-d1b200a0017c.jpg",2023-12-18T18:32:23Z,"The S&amp;P 500 Index (SPX) rose 2.49% last week, extending its string of weekly gains to seven weeks, the longest such winning streak since 2017. However, Bitcoin (BTC) could not maintain its moment… [+8195 chars]"
28,"{'id': None, 'name': 'Biztoc.com'}",u.today,ADA and BNB Price Analysis for December 18,"The week has started with continued bear dominance, according to CoinStats. The rate of Cardano (ADA) has declined by 3.42% over the last day. On the daily chart, the price of ADA keeps falling after yesterday's bearish closure. If today's bar closes near the…",https://biztoc.com/x/2e741a7a19139e91,https://c.biztoc.com/p/2e741a7a19139e91/s.webp,2023-12-18T18:10:06Z,"The week has started with continued bear dominance, according to CoinStats.The rate of Cardano (ADA) has declined by 3.42% over the last day.On the daily chart, the price of ADA keeps falling after y… [+241 chars]"
29,"{'id': None, 'name': 'Cointelegraph'}",Cointelegraph,BlockShow y BlockDown se unen para celebrar un festival cripto en Hong Kong,"BlockShow marca su regreso a las conferencias presenciales uniendo fuerzas con BlockDown para llevar un festival de criptomonedas a un lugar icónico de Hong Kong en mayo de 2024.
 BlockShow, una importante conferencia global dedicada a la industria blockchain…",https://es.cointelegraph.com/news/blockshow-blockdown-crypto-web3-festival-hong-kong,"https://images.cointelegraph.com/cdn-cgi/image/format=auto,onerror=redirect,quality=90,width=1200/https://s3.cointelegraph.com/uploads/2023-12/43e58122-bf92-474c-a803-947c6803c79e.jpg",2023-12-18T17:50:00Z,"BlockShow, una importante conferencia global dedicada a la industria blockchain y de criptomonedas, regresa después de cuatro años, uniéndose a BlockDown Festival, impulsado por la agencia de relacio… [+8062 chars]"
30,"{'id': None, 'name': 'Biztoc.com'}",cryptopotato.com,Bitcoin Ends 11-Week Winning Streak With $33M Outflows While Altcoins Buck Trend: CoinShares,"Digital assets investment products ended their 11-week streak of positive cash flows with withdrawals amounting to $16 million. However, trading activity remained significantly higher than the yearly average, reaching $3.6 billion for the week, in contrast to…",https://biztoc.com/x/49fdeb776eb47000,https://c.biztoc.com/p/49fdeb776eb47000/s.webp,2023-12-18T17:10:07Z,"Digital assets investment products ended their 11-week streak of positive cash flows with withdrawals amounting to $16 million. However, trading activity remained significantly higher than the yearly… [+300 chars]"
31,"{'id': None, 'name': 'GlobeNewswire'}",Retik LLC,"Retik Finance takes on the might of Solana and Cardano with its Defi Debit Cards, raises $1 Million in 9 days",Retik Finance managed to raise an astounding $1 million in just 9 days Retik Finance managed to raise an astounding $1 million in just 9 days,https://www.globenewswire.com/news-release/2023/12/18/2797978/0/en/Retik-Finance-takes-on-the-might-of-Solana-and-Cardano-with-its-Defi-Debit-Cards-raises-1-Million-in-9-days.html,,2023-12-18T15:49:00Z,"Kingstown, Saint Vincent and the Grenadines, Dec. 18, 2023 (GLOBE NEWSWIRE) -- The cryptocurrency industry is no stranger to innovation and disruption, and Retik Finance is proving to be a prime exam… [+6293 chars]"
32,"{'id': None, 'name': 'Biztoc.com'}",beincrypto.com,Cardano DeFi Surging But Will ADA Price Recover After 7% Slide? Bitcoin Minetrix Presale Concluding Quickly,"Cardano’s native token ADA is down 7% today, trading around $0.55. This drop comes amidst a broader decline in crypto markets, with Bitcoin down 2% and Ethereum down 3%. However, ADA investors likely have little reason for concern given Cardano’s expanding re…",https://biztoc.com/x/bc61dd210c9bab15,https://c.biztoc.com/p/bc61dd210c9bab15/s.webp,2023-12-18T15:22:07Z,"Cardanos native token ADA is down 7% today, trading around $0.55. This drop comes amidst a broader decline in crypto markets, with Bitcoin down 2% and Ethereum down 3%. However, ADA investors likely … [+285 chars]"
33,"{'id': None, 'name': 'Biztoc.com'}",cryptodaily.co.uk,"and Cardano (ADA) Under Bearish Pressure, But Why Should Traders Hold Off On The FOMO?","Bitcoin, the big kahuna of crypto, is currently playing a risky game around the $41,000 mark – it's been a bit of a rollercoaster, with about $40 million blown in BTC bets recently. Despite a week-on-week loss surpassing 6%, Bitcoin has still had a pretty goo…",https://biztoc.com/x/ea77bfab9ce59b86,https://c.biztoc.com/p/ea77bfab9ce59b86/s.webp,2023-12-18T15:06:14Z,"Bitcoin, the big kahuna of crypto, is currently playing a risky game around the $41,000 mark it's been a bit of a rollercoaster, with about $40 million blown in BTC bets recently. Despite a week-on-w… [+285 chars]"
34,"{'id': None, 'name': 'Biztoc.com'}",thecryptobasic.com,"XRP Beats Bitcoin, Ethereum in Weekly Fund Flows, Boasts $2.7M Inflow","Over the past week, cryptocurrencies like XRP have stolen the spotlight of digital asset investment products from Bitcoin and Ethereum. Specifically, XRP recorded significant inflows while the market bigwigs witnessed unusual profit-taking sell-offs. This dev…",https://biztoc.com/x/eb3944088978cf0d,https://c.biztoc.com/p/eb3944088978cf0d/s.webp,2023-12-18T15:06:08Z,"Over the past week, cryptocurrencies like XRP have stolen the spotlight of digital asset investment products from Bitcoin and Ethereum.Specifically, XRP recorded significant inflows while the market … [+306 chars]"
35,"{'id': None, 'name': 'Biztoc.com'}",thecryptobasic.com,Price: Top Predictions to Watch Out for in 2024,"Top analysts in the crypto ecosystem are bullish on Cardano (ADA), with price projections for 2024 pegged at an average of $10. Over the past month, Cardano (ADA) has displayed an impressive outlook in its price, showcasing the inherent potential it has. Per …",https://biztoc.com/x/48ca53d693103f68,https://c.biztoc.com/p/48ca53d693103f68/s.webp,2023-12-18T15:06:07Z,"Top analysts in the crypto ecosystem are bullish on Cardano (ADA), with price projections for 2024 pegged at an average of $10.Over the past month, Cardano (ADA) has displayed an impressive outlook i… [+307 chars]"
36,"{'id': None, 'name': 'Cointelegraph'}",Cointelegraph by Cointelegraph,BlockShow unites with BlockDown for a crypto festival in Hong Kong,BlockShow marks its return to in-person conferences by joining forces with BlockDown to bring a crypto festival to an iconic Hong Kong location in May 2024.,https://cointelegraph.com/news/blockshow-blockdown-crypto-web3-festival-hong-kong,"https://images.cointelegraph.com/cdn-cgi/image/format=auto,onerror=redirect,quality=90,width=1200/https://s3.cointelegraph.com/uploads/2023-12/43e58122-bf92-474c-a803-947c6803c79e.jpg",2023-12-18T14:00:00Z,"BlockShow, a major global conference devoted to the blockchain and cryptocurrency industry, is making a comeback after four years, joining forces with BlockDown Festival powered by public relations a… [+6769 chars]"
37,"{'id': None, 'name': 'Criptonoticias.com'}",Nickolas Plaza,"Ordinals ya es un mercado más grande que los NFT de Ethereum, Solana y otras redes juntas","En las últimas 24 horas, el volumen de trading de tokens Ordinals en Bitcoin fue superior a 41 millones de dólares.
Leer más",https://www.criptonoticias.com/mercados/ordinals-mercado-mas-grande-nft-ethereum-solana-otras-redes/,https://www.criptonoticias.com/wp-content/uploads/2023/12/nft-marketplace-telefono-adobe.jpeg,2023-12-18T13:44:37Z,"Hechos clave:
<ul><li>La compraventa de NFT en Ethereum y Solana juntas apenas llegó a 25 millones de dólares en 1 día.
</li><li>OKX se destaca como el exchange principal para el comercio de NFT Or… [+2614 chars]"
38,"{'id': None, 'name': 'Biztoc.com'}",beincrypto.com,Cardano Price Prediction: Is a 30% Decline in ADA’s Value Looming?,"is currently experiencing a corrective phase. ADA is currently struggling to surpass the 0.382 Fibonacci (Fib) resistance level and is facing a bearish rejection. The future trajectory of ADA’s price, whether it will continue to fall or rebound soon, depends …",https://biztoc.com/x/c90b54ebae67d7fa,https://c.biztoc.com/p/c90b54ebae67d7fa/s.webp,2023-12-18T13:44:07Z,"is currently experiencing a corrective phase. ADA is currently struggling to surpass the 0.382 Fibonacci (Fib) resistance level and is facing a bearish rejection.The future trajectory of ADAs price, … [+273 chars]"
39,"{'id': None, 'name': 'Biztoc.com'}",coingape.com,Cardano Founder Charles Hoskinson Denies Partnership With XRP,"Charles Hoskinson, the founder of Cardano, has long pitted himself against the members of the XRP community. Over the last few years, the rift between the two parties has deepened, exposing a deep-seated mistrust in X’s otherwise tight-knit cryptocurrency com…",https://biztoc.com/x/4cc40830b34a51d1,https://c.biztoc.com/p/4cc40830b34a51d1/s.webp,2023-12-18T13:42:19Z,"Charles Hoskinson, the founder of Cardano, has long pitted himself against the members of the XRP community. Over the last few years, the rift between the two parties has deepened, exposing a deep-se… [+298 chars]"
40,"{'id': None, 'name': 'Biztoc.com'}",cryptopotato.com,Could Snek Coin be the Next Bonk as Token Explodes or Could Meme Kombat Pump Higher?,"Recently, the meme coin market has made a significant comeback, evidenced by Bonk (BONK) achieving gains of over 580% in just 30 days. Snek (SNEK), a trending meme token hosted on Cardano, has also caught investors’ attention as the next potential breakout st…",https://biztoc.com/x/b8f5a6cea1738364,https://c.biztoc.com/p/b8f5a6cea1738364/s.webp,2023-12-18T13:26:09Z,"Recently, the meme coin market has made a significant comeback, evidenced by Bonk (BONK) achieving gains of over 580% in just 30 days.Snek (SNEK), a trending meme token hosted on Cardano, has also ca… [+289 chars]"
41,"{'id': None, 'name': 'CryptoSlate'}",Oluwapelumi Adejumo,Tether USDT discount on exchanges hit 5-month high following revelation of collaboration with US authorities,"Tether’s USDT stablecoin discount on centralized exchanges like Binance and Coinbase has widened to its highest point since July, according to data from Paris-based crypto data provider Kaiko. This follows the stablecoin issuer’s recent revelation of its exte…",https://cryptoslate.com/tether-usdt-discount-on-major-exchanges-hit-5-month-high-following-revelation-of-extensive-collaboration-with-us-authorities/,https://cryptoslate.com/wp-content/uploads/2023/12/tether-stablecoin.jpg,2023-12-18T13:25:09Z,"Tether’s USDT stablecoin discount on centralized exchanges like Binance and Coinbase has widened to its highest point since July, according to data from Paris-based crypto data provider Kaiko. This f… [+2792 chars]"
42,"{'id': None, 'name': 'Moneycontrol'}","Hindi.Moneycontrol.com Team, Moneycontrol Hindi","Crypto Price: क्रिप्टो मार्केट में कोहराम, 10% तक की गिरावट, BitCoin के लिए मिला-जुला रुझान",Crypto Price: क्रिप्टो मार्केट में आज कोहराम मचा हुआ है। मार्केट कैप के हिसाब से टॉप-10 का सिर्फ दो क्रिप्टो- टेथर (Tether) और यूएसडी क्वॉइन (USD Coin) ही ग्रीन जोन में है लेकिन ये भी लगभग फ्लैट भाव पर ही हैं। वहीं बाकी क्रिप्टो में 10% तक की गिरावट है। मार्क…,https://hindi.moneycontrol.com/news/business/crypto-market-blood-bath-all-red-except-two-in-top-10-bitcoin-price-slips-but-market-share-firm-ethereum-down-1664361.html,https://images.moneycontrol.com/static-hindinews/2023/12/bitcoin-pexels-4-637x435.jpg,2023-12-18T12:56:08Z,"Crypto Price: -10 - (Tether) (USD Coin) 10% 41100 1.92 41,064.15 (34.11 ) (BitCoin Price) 
 (Ethereum) 3 24 3.16% 1.54 (127.93 ) 
Vedanta , 11 , 
10 4 11 XRP 6 , 5 , 3 1 
SpiceJet Go First? , 20%… [+737 chars]"
43,"{'id': None, 'name': 'Biztoc.com'}",coinpedia.org,"Cardano, Solana, & AVAX Prices Slide But Could TGC Token Rise This Week?","The post Cardano, Solana, & AVAX Prices Slide But Could TGC Token Rise This Week? appeared first on Coinpedia Fintech News On Monday, major altcoins, including Cardano, Solana, and Avalanche, experienced price declines thanks to a cautious sentiment in the cr…",https://biztoc.com/x/53fa96eafdf6142c,https://c.biztoc.com/p/53fa96eafdf6142c/s.webp,2023-12-18T12:32:14Z,"The post Cardano, Solana, &amp; AVAX Prices Slide But Could TGC Token Rise This Week? appeared first on Coinpedia Fintech NewsOn Monday, major altcoins, including Cardano, Solana, and Avalanche, expe… [+274 chars]"
44,"{'id': None, 'name': 'Biztoc.com'}",finbold.com,Cardano founder firm against partnering with XRP due to harassment,"One year after Charles Hoskinson shocked the cryptocurrency community by openly stating that XRP had “no partnership or technical value,” the founder of Cardano (ADA) remains adamant about his position, citing two years of harassment by the members of the XRP…",https://biztoc.com/x/99d4c8cc4944079e,https://c.biztoc.com/p/99d4c8cc4944079e/s.webp,2023-12-18T11:46:36Z,"One year after Charles Hoskinson shocked the cryptocurrency community by openly stating that XRP had no partnership or technical value, the founder of Cardano (ADA) remains adamant about his position… [+287 chars]"
45,"{'id': None, 'name': 'Finbold.com'}",Ana Zirojevic,Cardano founder firm against partnering with XRP due to harassment,"One year after Charles Hoskinson shocked the cryptocurrency community by openly stating that XRP had “no partnership or technical value,” … Continued
The post Cardano founder firm against partnering with XRP due to harassment appeared first on Finbold.",https://finbold.com/cardano-founder-firm-against-partnering-with-xrp-due-to-harassment/,https://finbold.com/app/uploads/2023/12/Cardano-founder-firm-against-partnering-with-XRP-due-to-harassment.jpg,2023-12-18T11:38:05Z,"One year after Charles Hoskinson shocked the cryptocurrency community by openly stating that XRP had no partnership or technical value, the founder of Cardano (ADA) remains adamant about his position… [+3241 chars]"
46,"{'id': 'info-money', 'name': 'InfoMoney'}",lucasgmarins,Bitcoin continua trajetória de queda e cai abaixo de US$ 41 mil,"Criptomoeda opera na contramão das bolsas americanas, que sobem nesta manhã
The post Bitcoin continua trajetória de queda e cai abaixo de US$ 41 mil appeared first on InfoMoney.",https://www.infomoney.com.br/mercados/bitcoin-hoje-continua-trajetoria-de-queda-e-cai-abaixo-de-us-41-mil/,https://www.infomoney.com.br/wp-content/uploads/2021/12/GettyImages-1321088818-1.jpg?quality=70,2023-12-18T11:00:35Z,"O Bitcoin (BTC) opera no vermelho na manhã desta segunda-feira (18), na contramão dos índices futuros de Nova York, que sobem em meio à expectativa de queda de juros nos Estados Unidos em 2024.
Às 8… [+3556 chars]"
47,"{'id': None, 'name': 'Biztoc.com'}",theblock.co,Bitcoin sees $33 million in outflows after 11-week streak of inflows to crypto funds ends,"Solana, Cardano and XRP products were the primary beneficiaries — bucking the trend by registering inflows. #xrp",https://biztoc.com/x/a02a70ae3ccca51d,https://c.biztoc.com/p/a02a70ae3ccca51d/s.webp,2023-12-18T10:38:18Z,"Solana, Cardano and XRP products were the primary beneficiaries bucking the trend by registering inflows.
#xrp
This story appeared on theblock.co, ."
48,"{'id': None, 'name': 'CryptoSlate'}",Liam 'Akiba' Wright,"Crypto funds break 11-week hot streak of inflows with $16M outflows, amid record $3.6B traded","Following 11 weeks of consistent inflows into digital asset investment products, outflows totaling $16 million showcased a slight reversal in the market. The latest CoinShares report highlights this subtle shift in the investment landscape of digital assets. …",https://cryptoslate.com/crypto-funds-break-11-week-hot-streak-of-inflows-with-modest-16m-outflows/,https://cryptoslate.com/wp-content/uploads/2023/12/crypto-etp.jpg,2023-12-18T10:25:47Z,"Following 11 weeks of consistent inflows into digital asset investment products, outflows totaling $16 million showcased a slight reversal in the market.
The latest CoinShares report highlights this… [+3058 chars]"
49,"{'id': None, 'name': 'Biztoc.com'}",coingape.com,Bitcoin’s Weekly Outflows Hit $33 Mln Amid Crypto Market Selloff,"In a significant market development, Bitcoin experienced outflows amounting to $33 million last week, marking a notable shift in investor sentiment toward profit-taking. Meanwhile, the latest report from CoinShares sheds light on this trend, emphasizing that …",https://biztoc.com/x/c8c985344a19aa95,https://c.biztoc.com/p/c8c985344a19aa95/s.webp,2023-12-18T09:56:24Z,"In a significant market development, Bitcoin experienced outflows amounting to $33 million last week, marking a notable shift in investor sentiment toward profit-taking. Meanwhile, the latest report … [+290 chars]"
50,"{'id': None, 'name': 'Biztoc.com'}",cryptopotato.com,"Nears Key Support, Cardano (ADA) and Rebel Satoshi ($RBLZ) Fuel Altcoin Momentum","In the ever-evolving crypto landscape, it’s like the Wild West out there, and leading the charge are Ethereum (ETH) and Cardano (ADA), as well as one new rising star. The new kid on the block is called Rebel Satoshi ($RBLZ) and like each of the above players,…",https://biztoc.com/x/d81750b083c75339,https://c.biztoc.com/p/d81750b083c75339/s.webp,2023-12-18T09:28:07Z,"In the ever-evolving crypto landscape, its like the Wild West out there, and leading the charge are Ethereum (ETH) and Cardano (ADA), as well as one new rising star.The new kid on the block is called… [+277 chars]"
51,"{'id': None, 'name': 'Biztoc.com'}",cryptopotato.com,Crypto Markets Lost $50B as Bitcoin (BTC) Price Slides to $41K (Market Watch),"Bitcoin’s price failed to over $43,000 during the weekend, and the subsequent rejection pushed it south hard to a 5-day low of just under $41,000. The altcoins continue to retrace as well, with SOL dumping to $70, while Cardano and Avalanche have dropped by m…",https://biztoc.com/x/6d08bb11d56a8b3d,https://c.biztoc.com/p/6d08bb11d56a8b3d/s.webp,2023-12-18T09:14:06Z,"Bitcoins price failed to over $43,000 during the weekend, and the subsequent rejection pushed it south hard to a 5-day low of just under $41,000.The altcoins continue to retrace as well, with SOL dum… [+272 chars]"
52,"{'id': None, 'name': 'CryptoSlate'}",Oluwapelumi Adejumo,"Bitcoin dips amid surge in Ordinals minting, $166M in crypto liquidations reported","Bitcoin’s price starts the new week in the red after a surge in Ordinals minting resulted in a clogged blockchain network over the weekend. Data from CryptoSlate shows that BTC’s price fell by around 2% during Asia trading hours to $41,189, reminiscent of how…",https://cryptoslate.com/bitcoin-dips-amid-surge-in-ordinals-minting-166m-in-crypto-liquidations-reported/,https://cryptoslate.com/wp-content/uploads/2023/12/bitcoin-red-1.jpg,2023-12-18T08:50:05Z,"Bitcoin’s price starts the new week in the red after a surge in Ordinals minting resulted in a clogged blockchain network over the weekend.
Data from CryptoSlate shows that BTC’s price fell by aroun… [+3111 chars]"
53,"{'id': None, 'name': 'Bolsamania.com'}",Álvaro Estévez,"El bitcoin corrige: cae a 41.000 dólares, pero el mercado sigue siendo muy optimista","Las criptomonedas caen en este comienzo de semana. El bitcoin (BTC) trata de mantener los 41.000 dólares tras un par de jornadas de recortes, mientras que el ethereum (ETH) cede algo más y se sitúa en torno a los 2.160 dólares.",https://www.bolsamania.com/noticias/criptodivisas/bitcoin-corrige-41000-dolares-mercado-muy-optimista--15630102.html,https://img5.s3wfg.com/web/img/images_uploaded/3/6/illustration-montre-les-crypto-monnaies-bitcoin-ethereum-et-dogecoin_20230404094027_rsz.png,2023-12-18T08:43:31Z,"Las criptomonedas caen en este comienzo de semana. El bitcoin (BTC) trata de mantener los 41.000 dólares tras un par de jornadas de recortes, mientras que el ethereum (ETH) cede algo más y se sitúa e… [+3434 chars]"
54,"{'id': None, 'name': 'Biztoc.com'}",thecryptobasic.com,Cardano Founder Addresses Two Years of XRP Community Harassment,"Hoskinson insists XRP does not offer any technical value, reiterating that the community behind the cryptocurrency is toxic and petty. Cardano founder Charles Hoskinson has taken to X to assert that XRP, the fifth-largest cryptocurrency by market cap, has no …",https://biztoc.com/x/b72b46046f14451b,https://c.biztoc.com/p/b72b46046f14451b/s.webp,2023-12-18T08:18:08Z,"Hoskinson insists XRP does not offer any technical value, reiterating that the community behind the cryptocurrency is toxic and petty.Cardano founder Charles Hoskinson has taken to X to assert that X… [+304 chars]"
55,"{'id': 'the-times-of-india', 'name': 'The Times of India'}",Navdeep Singh,"Crypto Price Today: Bitcoin falls below $41,200; Shiba Inu, Avalanche shed up to 6%","""The absence of clear dominance by either buyers or sellers, combined with the rate positioned away from support and resistance levels, suggests BTC might trade sideways between US$41,000 and US$43,000 in the coming days,"" Edul said",https://economictimes.indiatimes.com/markets/cryptocurrency/crypto-prices-today-live-news-bitcoin-dogecoin-ethereum-shibha-inu-cryptocurrency-latest-updates-18-december-2023/articleshow/106083745.cms,"https://img.etimg.com/thumb/msid-106083764,width-1200,height-630,imgsize-86842,overlay-etmarkets/photo.jpg",2023-12-18T08:08:55Z,"Major crypto tokens were trading in the red on Monday, dragged by losses in Bitcoin, Ethereum, Avalanche and Solana. The global cryptocurrency market cap also declined nearly 2% to around $1.56 trill… [+2760 chars]"
56,"{'id': None, 'name': 'newsBTC'}",Christian Encila,"Internet Computer Loses Grip On $10, But Still Inks 82% Rally – Details","Internet Computer (ICP) is seeing bullish activity despite the current bearish atmosphere. As of press time, ICP, its native token, has lost its hold on the crucial $10 handle, and currently trading at $9.93, following a weekly rise of more than 80%. ICP surg…",http://www.newsbtc.com/news/internet-computer-loses-grip-on-10-but-still-inks-82-rally-details/,https://www.newsbtc.com/wp-content/uploads/2023/12/a-120.png,2023-12-18T07:38:48Z,"Internet Computer (ICP) is seeing bullish activity despite the current bearish atmosphere. As of press time, ICP, its native token, has lost its hold on the crucial $10 handle, and currently trading … [+3918 chars]"
57,"{'id': None, 'name': 'Biztoc.com'}",thecryptobasic.com,"XRP Survives as Uphold Delists Shiba Inu, Cardano, Dogecoin and Others in Canada","Uphold maintains support for XRP despite going on a delisting spree affecting multiple popular crypto assets such as Shiba Inu (SHIB), Cardano (ADA), Stellar (XLM) and others in Canada. In a recent email to concerned Canadian customers and obtained by The Cry…",https://biztoc.com/x/b884910af4acb7a7,https://c.biztoc.com/p/b884910af4acb7a7/s.webp,2023-12-18T07:08:08Z,"Uphold maintains support for XRP despite going on a delisting spree affecting multiple popular crypto assets such as Shiba Inu (SHIB), Cardano (ADA), Stellar (XLM) and others in Canada.In a recent em… [+281 chars]"
58,"{'id': None, 'name': 'Gadgets360.com'}","Radhika Parashar, Siddharth Suvarna","Crypto Price Today: Bitcoin, Ether Join Most Cryptocurrencies in Reflecting Notable Losses","The overall valuation of the crypto sector dipped by 2.22 percent in the last 24 hours. Bitcoin and Ether both dropped in prices by over two percent on Monday, December 18. The top 20 cryptos by market cap are trading in the reds. Market analysts believe that…",https://www.gadgets360.com/cryptocurrency/news/bitcoin-price-today-usd-40995-ether-most-altcoins-losses-crypto-india-4695193,https://i.gadgets360cdn.com/large/pixabay_cryptoweigh_worldspectrum_large_1652691872177.jpg,2023-12-18T06:12:41Z,"The crypto price chart was drenched in reds with almost all popular cryptocurrencies reflecting losses on Monday, December 18. Bitcoin registered a loss of 2.44 percent on Monday. With this, the olde… [+3340 chars]"
59,"{'id': None, 'name': 'Biztoc.com'}",dailyhodl.com,"Trader Predicts 2,230% Rally for One Under-the-Radar Altcoin, Says Bullish Leap in Sight for Cardano and Fantom","A crypto strategist thinks that one altcoin that’s trading under the radar could repeat its mid-2020 price action en route to printing massive gains. Analyst Ali Martinez tells his 35,900 followers on the social media platform X that supply-chain management b…",https://biztoc.com/x/66b174c782a0c22f,https://c.biztoc.com/p/66b174c782a0c22f/s.webp,2023-12-18T01:02:10Z,"A crypto strategist thinks that one altcoin thats trading under the radar could repeat its mid-2020 price action en route to printing massive gains.Analyst Ali Martinez tells his 35,900 followers on … [+270 chars]"
60,"{'id': None, 'name': 'The Daily Hodl'}",Henry Kanapi,"Trader Predicts 2,230% Rally for One Under-the-Radar Altcoin, Says Bullish Leap in Sight for Cardano and Fantom","A crypto strategist thinks that one altcoin that’s trading under the radar could repeat its mid-2020 price action en route to printing massive gains. Analyst Ali Martinez tells his 35,900 followers on the social media platform X that supply-chain management b…",https://dailyhodl.com/2023/12/17/trader-predicts-2230-rally-for-one-under-the-radar-altcoin-says-bullish-leap-in-sight-for-cardano-and-fantom/,https://dailyhodl.com/wp-content/uploads/2023/02/radar-gift-rips-more.jpg,2023-12-18T01:00:43Z,"A crypto strategist thinks that one altcoin that’s trading under the radar could repeat its mid-2020 price action en route to printing massive gains.
Analyst Ali Martinez tells his 35,900 followers … [+2016 chars]"
61,"{'id': None, 'name': 'newsBTC'}",Jake Simmons,New And Upcoming NFT Projects,"Finding the best upcoming NFT projects can be quite challenging, but it’s an endeavor filled with excitement and potential rewards. The NFT world is buzzing with innovation and creativity, offering a plethora of opportunities for collectors and enthusiasts al…",http://www.newsbtc.com/nft/new-and-upcoming-nft-projects/,https://www.newsbtc.com/wp-content/uploads/2023/12/shutterstock_1925622308-1.jpg?fit=4874%2C2880,2023-12-17T20:00:03Z,"Finding the best upcoming NFT projects can be quite challenging, but it’s an endeavor filled with excitement and potential rewards. The NFT world is buzzing with innovation and creativity, offering a… [+25726 chars]"
62,"{'id': None, 'name': 'Biztoc.com'}",u.today,"Cardano Founder Denounces XRP Community's ""Harassment""","Charles Hoskinson, the brainchild behind Cardano, has once again stirred the pot with his unwavering criticism of the XRP community. The crypto mogul maintains his dismissive attitude toward Ripple while also criticizing the XRP community for the prolonged ""h…",https://biztoc.com/x/2513cd3b7d513592,https://c.biztoc.com/p/2513cd3b7d513592/s.webp,2023-12-17T18:16:08Z,"Charles Hoskinson, the brainchild behind Cardano, has once again stirred the pot with his unwavering criticism of the XRP community.The crypto mogul maintains his dismissive attitude toward Ripple wh… [+296 chars]"
63,"{'id': None, 'name': 'Biztoc.com'}",coingape.com,Cardano Founder in War of Words With Bitcoin Beach Project,"Cardano founder Charles Hoskinson found himself in another unwholesome debate on crypto X, this time with the El Salvador Bitcoin Beach project. Defending the Honor of Cardano The rancor started when the Bitcoin Beach project called out Charles Hoskinson in i…",https://biztoc.com/x/8871b9d28a14edb1,https://c.biztoc.com/p/8871b9d28a14edb1/s.webp,2023-12-17T17:22:16Z,"Cardano founder Charles Hoskinson found himself in another unwholesome debate on crypto X, this time with the El Salvador Bitcoin Beach project.Defending the Honor of CardanoThe rancor started when t… [+319 chars]"
64,"{'id': None, 'name': 'Biztoc.com'}",u.today,Cardano's Hoskinson Slams Bitcoin Beach Project,"Charles Hoskinson, the founder of Cardano, recently called attention to the dismissive attitude of the Bitcoin Beach project. Despite being a trailblazer for Bitcoin adoption, the project's controversial stance has attracted some criticism within the communit…",https://biztoc.com/x/2c6c06b57fd7e455,https://c.biztoc.com/p/2c6c06b57fd7e455/s.webp,2023-12-17T17:20:08Z,"Charles Hoskinson, the founder of Cardano, recently called attention to the dismissive attitude of the Bitcoin Beach project. Despite being a trailblazer for Bitcoin adoption, the project's controver… [+284 chars]"
65,"{'id': None, 'name': 'Biztoc.com'}",coinpedia.org,"3 Tokens Under $1 Expected to Grow 10x: Cardano, Ripple, Meme Moguls","The post 3 Tokens Under $1 Expected to Grow 10x: Cardano, Ripple, Meme Moguls appeared first on Coinpedia Fintech News In the current bullish crypto market, investors are actively seeking tokens that offer high yields. While there are several options with pot…",https://biztoc.com/x/8fec0b766aa50c8e,https://c.biztoc.com/p/8fec0b766aa50c8e/s.webp,2023-12-17T14:42:13Z,"The post 3 Tokens Under $1 Expected to Grow 10x: Cardano, Ripple, Meme Moguls appeared first on Coinpedia Fintech NewsIn the current bullish crypto market, investors are actively seeking tokens that … [+280 chars]"
66,"{'id': None, 'name': 'Biztoc.com'}",cryptodaily.co.uk,Top Cryptos To Buy Before The Next Bull Run,"Bolstered by a 150% increase in assets under management and Bitcoin's remarkable resilience, the crypto market has recently witnessed a significant surge. This is not just a fleeting trend, but a reflection of the sector’s maturity, marked by substantial inst…",https://biztoc.com/x/ac0fe32a2bebb47e,https://c.biztoc.com/p/ac0fe32a2bebb47e/s.webp,2023-12-17T14:34:14Z,"Bolstered by a 150% increase in assets under management and Bitcoin's remarkable resilience, the crypto market has recently witnessed a significant surge. This is not just a fleeting trend, but a ref… [+271 chars]"
67,"{'id': None, 'name': 'Biztoc.com'}",coinpedia.org,Will the Cardano Bull Run Continue? Analyst Thinks ADA Will Rally Further But Other Traders Back an Alternative Altcoin,"The post Will the Cardano Bull Run Continue? Analyst Thinks ADA Will Rally Further But Other Traders Back an Alternative Altcoin appeared first on Coinpedia Fintech News A renowned analyst thinks Cardano’s bull run is primed for the next leg up, propelling it…",https://biztoc.com/x/78b55c5ad6e3c371,https://c.biztoc.com/p/78b55c5ad6e3c371/s.webp,2023-12-17T14:14:16Z,The post Will the Cardano Bull Run Continue? Analyst Thinks ADA Will Rally Further But Other Traders Back an Alternative Altcoin appeared first on Coinpedia Fintech NewsA renowned analyst thinks Card… [+293 chars]
68,"{'id': None, 'name': 'Biztoc.com'}",ambcrypto.com,Cardano to $10 in 2024? That’s what ChatGPT is saying…,"Disclaimer: The information presented does not constitute financial, investment, trading, or other types of advice, and is solely the writer’s opinion. It’s been a good few weeks for Cardano. ADA has surged on the charts on the back of the general market’s bu…",https://biztoc.com/x/c0f15b785c6226c8,https://c.biztoc.com/p/c0f15b785c6226c8/s.webp,2023-12-17T14:06:08Z,"Disclaimer: The information presented does not constitute financial, investment, trading, or other types of advice, and is solely the writers opinion.Its been a good few weeks for Cardano. ADA has su… [+285 chars]"
69,"{'id': None, 'name': 'Biztoc.com'}",coinjournal.net,Didn’t catch Solana and Cardano’s rise? The RBLZ presale might be your next big opportunity,gained as Kamino hinted at airdrop following the launch of the JTO token. Cardano (ADA) surged by 31.7% after Binance added new pairs. Rebel Satoshi (RBLZ) leads the top ICO list with the potential of 150% gain. Solana (SOL) protocol Kamino is eyeing airdrop …,https://biztoc.com/x/028adce9ab3199c0,https://c.biztoc.com/p/028adce9ab3199c0/s.webp,2023-12-17T14:06:06Z,gained as Kamino hinted at airdrop following the launch of the JTO token. Cardano (ADA) surged by 31.7% after Binance added new pairs. Rebel Satoshi (RBLZ) leads the top ICO list with the potential o… [+265 chars]
70,"{'id': None, 'name': 'Coinjournal.net'}",News Team,Didn’t catch Solana and Cardano’s rise? The RBLZ presale might be your next big opportunity,Solana (SOL) gained as Kamino hinted at airdrop following the launch of the JTO token.  Cardano (ADA) surged by 31.7% after Binance added new pairs.  Rebel Satoshi (RBLZ) leads the top ICO list with the potential of 150% gain.  Solana (SOL) protocol Kamino is…,https://coinjournal.net/news/didnt-catch-solana-and-cardanos-rise-the-rblz-presale-might-be-your-next-big-opportunity/,https://coinjournal.net/wp-content/uploads/2023/12/1702713770566-09f45677-f1b1-4eea-b787-ab26a397aece.jpg,2023-12-17T14:01:09Z,<ul><li>Solana (SOL) gained as Kamino hinted at airdrop following the launch of the JTO token. </li><li>Cardano (ADA) surged by 31.7% after Binance added new pairs. </li><li>Rebel Satoshi (RBLZ) lead… [+3679 chars]
71,"{'id': None, 'name': 'Ambcrypto.com'}",AMBCrypto Team,Cardano to $10 in 2024? That’s what ChatGPT is saying…,"How well can ADA really do in 2024? Well, ChatGPT has some ideas...",https://ambcrypto.com/?p=358899,https://statics.ambcrypto.com/wp-content/uploads/2023/12/ambcrypto_A_financial_newsroom_setting_where_analysts_and_inves_fe4c8b5a-27f1-495e-99b1-cabe80520d15-1000x600.png,2023-12-17T13:57:19Z,"Disclaimer: The information presented does not constitute financial, investment, trading, or other types of advice, and is solely the writers opinion.
It’s been a good few weeks for Cardano. ADA has… [+10971 chars]"
72,"{'id': None, 'name': 'Biztoc.com'}",cryptodaily.co.uk,"vs Retik Finance (RETIK), which token will reach $1 First?","has recently been on an upward trajectory, climbing 86.26% in the past month. Currently hovering around the $0.65 level, the token is still more than 79% below its all-time high. As its recovery continues, one question arises: will Cardano hit $1 in 2024? Sti…",https://biztoc.com/x/419bd291e3b45104,https://c.biztoc.com/p/419bd291e3b45104/s.webp,2023-12-17T13:38:10Z,"has recently been on an upward trajectory, climbing 86.26% in the past month. Currently hovering around the $0.65 level, the token is still more than 79% below its all-time high. As its recovery cont… [+290 chars]"
73,"{'id': None, 'name': 'newsBTC'}",Semilore Faleti,"Analyst Rates Bitcoin As Most Promising Asset For 2024, Predicts Price Potential Of $120,000","Chief analyst of Singaporean exchange Bitget, Ryan Lee, has laid out some interesting Bitcoin price predictions for 2024. This forecast comes after BTC’s negative performance in the last week, where the maiden cryptocurrency declined by 4%, falling below the …",http://www.newsbtc.com/news/bitcoin/analyst-rates-bitcoin-as-most-promising-asset-for-2024-predicts-price-potential-of-120000/,https://www.newsbtc.com/wp-content/uploads/2023/12/01_intro_prediction-100698470-large.jpg?fit=700%2C525,2023-12-17T13:00:51Z,"Chief analyst of Singaporean exchange Bitget, Ryan Lee, has laid out some interesting Bitcoin price predictions for 2024. This forecast comes after BTCs negative performance in the last week, where t… [+2966 chars]"
74,"{'id': None, 'name': 'Small Business Trends'}",Joshua Sophy,Who Accepts Bitcoin as Payment?,"As the top cryptocurrency, Bitcoin has seen explosive growth, but do you know who accepts Bitcoin as payment? This list is growing daily.",https://smallbiztrends.com/2023/12/who-accepts-bitcoin.html,https://media.smallbiztrends.com/2021/12/who-accepts-bitcoin.png,2023-12-17T09:15:59Z,"Over the course of its existence, Bitcoin has steadily risen to become the unrivaled frontrunner in the crowded cryptocurrency market place, capturing global attention and reshaping our understanding… [+14577 chars]"
75,"{'id': None, 'name': 'Biztoc.com'}",cryptopotato.com,These Are the Cardano (ADA) Price Predictions to Watch in 2024,"TL;DR ADA’s Recent High and Positive Projections: Cardano’s ADA hit a 19-month high of $0.67 and remains bullish, with analysts predicting a substantial rise next year. High Price Forecasts: Analysts like Dan Gambardello and Ali anticipate ADA reaching up to …",https://biztoc.com/x/d82a0bc9f846b7e2,https://c.biztoc.com/p/d82a0bc9f846b7e2/s.webp,2023-12-17T07:48:12Z,"TL;DRADAs Recent High and Positive Projections: Cardanos ADA hit a 19-month high of $0.67 and remains bullish, with analysts predicting a substantial rise next year.High Price Forecasts: Analysts lik… [+308 chars]"
76,"{'id': None, 'name': 'Overclockers.ru'}",kosmos_news,"Cardano находится на подъеме, несмотря на волатильность крипторынка",В середине декабря цена ADA достигла 17-мecячнoгo максимума. Рост курса  означает интерес инвесторов к криптовалюте,https://overclockers.ru/blog/kosmos_news/show/126473/cardano-nahoditsya-na-podeme-nesmotrya-na-volatilnost-kriptorynka,https://overclockers.ru/st/legacy/blog/430228/452246_O.jpg,2023-12-17T07:30:05Z,". . Cardano. 
6 
 ADA 30% $0,60 $21 . .
 - Cardano . . , Solana, , . Solana , 20 Cardano.
Solana . $250 . $73 $31 , Cardano. ADA $3. , ADA . , , ADA .
 . , Cardano . . , . 
Cardano , . , , . ."
77,"{'id': None, 'name': 'Biztoc.com'}",ambcrypto.com,Cardano: Can a high development activity really help ADA,"Though development activity was high, ADA’s chart remained red. Cardano’s performance in DeFi was commendable, as its TVL spiked. Cardano’s [ADA] development activity has surged constantly over the last seven days. This looked optimistic, as it suggested more…",https://biztoc.com/x/ef7e03307b3b934f,https://c.biztoc.com/p/ef7e03307b3b934f/s.webp,2023-12-17T02:40:08Z,"Though development activity was high, ADAs chart remained red.Cardanos performance in DeFi was commendable, as its TVL spiked. Cardanos [ADA] development activity has surged constantly over the last … [+259 chars]"
78,"{'id': None, 'name': 'Ambcrypto.com'}",Dipayan Mitra,Cardano: Can a high development activity really help ADA,"Cardano posted the final edition of its weekly development report for 2023, highlighting what was going on in the ecosystem.",https://ambcrypto.com/?p=359111,https://statics.ambcrypto.com/wp-content/uploads/2023/12/ambcrypto_A_Cardano-themed_scene-1-1000x600.png,2023-12-17T02:30:45Z,"<ul><li>Though development activity was high, ADA’s chart remained red.</li><li>Cardanos performance in DeFi was commendable, as its TVL spiked. </li></ul>Cardanos [ADA] development activity has surg… [+2085 chars]"
79,"{'id': None, 'name': 'Biztoc.com'}",dailyhodl.com,"Trader Says Path Looks Clear for Cardano To Move Higher, Predicts ‘Big Price Move’ for ADA","Crypto analyst and trader Ali Martinez is expressing bullish sentiment on Cardano (ADA) and one low-cap altcoin. Starting with the eighth-largest crypto asset by market cap, Martinez tells his 35,700 followers on the X social media platform that “with no sign…",https://biztoc.com/x/6c2e647d2435a989,https://c.biztoc.com/p/6c2e647d2435a989/s.webp,2023-12-17T00:18:12Z,"Crypto analyst and trader Ali Martinez is expressing bullish sentiment on Cardano (ADA) and one low-cap altcoin.Starting with the eighth-largest crypto asset by market cap, Martinez tells his 35,700 … [+277 chars]"
80,"{'id': None, 'name': 'ZyCrypto'}",Arnold Kirimi,From $50M to $438M: Cardano’s 880% Growth Speaks Volumes in 2023,"Cardano (ADA) has been riding a wave of unprecedented growth, catapulting its total value locked (TVL) from a humble $50 million to an impressive $438 million in 2023, as per DeFillama data.",https://zycrypto.com/from-50m-to-438m-cardanos-880-growth-speaks-volumes-in-2023/,https://zycrypto.com/wp-content/uploads/2023/10/Pundit-Dispels-Concerns-Around-Cardano-and-Midnight-Reveals-Surprising-Insights.jpg,2023-12-16T19:31:19Z,"Cardano (ADA) has been riding a wave of unprecedented growth, catapulting its total value locked (TVL) from a humble $50 million to an impressive $438 million in 2023, as per DeFillama data.
This ma… [+1876 chars]"
81,"{'id': None, 'name': 'Biztoc.com'}",newsbtc.com,"Decentral House: New Swiss Web3 Hub Unites Cardano, UN, And WTO In Inauguration","In Geneve, Switzerland, Decentral House, a new initiative to unite the blockchain and Web3 space, has emerged. On the night of December 14th, several industry leaders from organizations worldwide discussed how blockchain is transforming the world. Decentral H…",https://biztoc.com/x/a81e77402e9db28d,https://c.biztoc.com/p/a81e77402e9db28d/s.webp,2023-12-16T16:24:05Z,"In Geneve, Switzerland, Decentral House, a new initiative to unite the blockchain and Web3 space, has emerged. On the night of December 14th, several industry leaders from organizations worldwide dis… [+319 chars]"
82,"{'id': None, 'name': 'newsBTC'}",Reynaldo Marquez,"Decentral House: New Swiss Web3 Hub Unites Cardano, UN, And WTO In Inauguration","In Geneve, Switzerland, Decentral House, a new initiative to unite the blockchain and Web3 space, has emerged. On the night of December 14th, several industry leaders from organizations worldwide discussed how blockchain is transforming the world. Related Rea…",http://www.newsbtc.com/news/decentral-house-new-swiss-web3-hub-unites-cardano-un-and-wto-in-inauguration/,https://www.newsbtc.com/wp-content/uploads/2023/12/crypto-web3-decentral-house-wto-un.jpg,2023-12-16T16:13:26Z,"In Geneve, Switzerland, Decentral House, a new initiative to unite the blockchain and Web3 space, has emerged. On the night of December 14th, several industry leaders from organizations worldwide dis… [+5628 chars]"
83,"{'id': None, 'name': 'Biztoc.com'}",bitcoinist.com,Cardano Community Member Cautions ADA Holders Against This Serious Scam,"The Cardano community has remained vigilant after a member issued a crucial warning, cautioning members about a crypto scam attack targeting ADA holders. Cardano Issues Scam Warning Alerts In its official X (formerly Twitter) account, the Cardano Community re…",https://biztoc.com/x/380708398f57f045,https://c.biztoc.com/p/380708398f57f045/s.webp,2023-12-16T16:12:07Z,"The Cardano community has remained vigilant after a member issued a crucial warning, cautioning members about a crypto scam attack targeting ADA holders. Cardano Issues Scam Warning AlertsIn its offi… [+307 chars]"
84,"{'id': None, 'name': 'Bitcoinist'}",Scott Matherson,Cardano Community Member Cautions ADA Holders Against This Serious Scam,"The Cardano community has remained vigilant after a member issued a crucial warning, cautioning members about a crypto scam attack targeting ADA holders.  Related Reading: Security Engineer Pleads Guilty To $12 Million Crypto Exchange Hack Cardano Issues Scam…",https://bitcoinist.com/cardano-community-member-cautions-ada-holders-against-this-serious-scam/,https://bitcoinist.com/wp-content/uploads/2023/12/a-88.png,2023-12-16T16:00:39Z,"The Cardano community has remained vigilant after a member issued a crucial warning, cautioning members about a crypto scam attack targeting ADA holders. 
Cardano Issues Scam Warning Alerts
In its … [+3592 chars]"
85,"{'id': None, 'name': 'Biztoc.com'}",thecryptobasic.com,Google Bard Predicts Cardano Price After Bitcoin Halving,"In a recent conversation with Google Bard, the AI chatbot predicted various scenarios for the price direction of Cardano (ADA) after the anticipated Bitcoin (BTC) halving. According to Google Bard, these projections are based on various Bitcoin price predicti…",https://biztoc.com/x/05dda8ccc9ecb87c,https://c.biztoc.com/p/05dda8ccc9ecb87c/s.webp,2023-12-16T12:26:06Z,"In a recent conversation with Google Bard, the AI chatbot predicted various scenarios for the price direction of Cardano (ADA) after the anticipated Bitcoin (BTC) halving.According to Google Bard, th… [+281 chars]"
86,"{'id': None, 'name': 'Tech Xplore'}",Science X,Researchers reveal hidden fortunes and surprising underestimations in cybercrime revenue,"To what extent methodological limitations and incomplete data impact the revenue estimations of cybercriminal groups using the Bitcoin blockchain was largely unknown. A new study, conducted by IMDEA Software Institute researchers Gibran Gomez, Kevin van Liebe…",https://techxplore.com/news/2023-12-reveal-hidden-fortunes-underestimations-cybercrime.html,https://scx2.b-cdn.net/gfx/news/hires/2018/1-bitcoin.jpg,2023-12-16T11:40:52Z,"To what extent methodological limitations and incomplete data impact the revenue estimations of cybercriminal groups using the Bitcoin blockchain was largely unknown. A new study, conducted by IMDEA … [+3412 chars]"
87,"{'id': None, 'name': 'Finbold.com'}",Justinas Baltrusaitis,What Cryptocurrencies to put on your Christmas list?,"In recent weeks, the overall cryptocurrency market has seen substantial gains, primarily driven by Bitcoin (BTC). This trend appears to … Continued
The post What Cryptocurrencies to put on your Christmas list? appeared first on Finbold.",https://finbold.com/what-cryptocurrencies-to-put-on-your-christmas-list/,https://finbold.com/app/uploads/2023/12/What-Cryptocurrencies-to-put-on-your-Christmas-list-1.jpg,2023-12-16T11:23:15Z,"In recent weeks, the overall cryptocurrency market has seen substantial gains, primarily driven by Bitcoin (BTC). This trend appears to present an opportunity for investors, given the widespread anti… [+5604 chars]"
88,"{'id': None, 'name': 'Biztoc.com'}",dailyhodl.com,"Trader Says Path Looks Clear for Cardano To Move Higher, Predicts ‘Big Price Move’ for Controversial Altcoin","Crypto analyst and trader Ali Martinez is expressing bullish sentiment on Cardano (ADA) and one low-cap altcoin. Starting with the eighth-largest crypto asset by market cap, Martinez tells his 35,700 followers on the X social media platform that “with no sign…",https://biztoc.com/x/a2208ebf47ff0a92,https://c.biztoc.com/p/a2208ebf47ff0a92/s.webp,2023-12-16T10:18:09Z,"Crypto analyst and trader Ali Martinez is expressing bullish sentiment on Cardano (ADA) and one low-cap altcoin.Starting with the eighth-largest crypto asset by market cap, Martinez tells his 35,700 … [+277 chars]"
89,"{'id': None, 'name': 'The Daily Hodl'}",Mark Emem,"Trader Says Path Looks Clear for Cardano To Move Higher, Predicts ‘Big Price Move’ for ADA","Crypto analyst and trader Ali Martinez is expressing bullish sentiment on Cardano (ADA) and one low-cap altcoin. Starting with the eighth-largest crypto asset by market cap, Martinez tells his 35,700 followers on the X social media platform that “with no sign…",https://dailyhodl.com/2023/12/16/trader-says-path-looks-clear-for-cardano-to-move-higher-predicts-big-price-move-for-ada/,https://dailyhodl.com/wp-content/uploads/2023/12/Looks-Clear-for-Cardano.jpg,2023-12-16T10:15:15Z,"Crypto analyst and trader Ali Martinez is expressing bullish sentiment on Cardano (ADA) and one low-cap altcoin.
Starting with the eighth-largest crypto asset by market cap, Martinez tells his 35,70… [+1791 chars]"
90,"{'id': None, 'name': 'The Daily Hodl'}",Mark Emem,"Trader Says Path Looks Clear for Cardano To Move Higher, Predicts ‘Big Price Move’ for Controversial Altcoin","Crypto analyst and trader Ali Martinez is expressing bullish sentiment on Cardano (ADA) and one low-cap altcoin. Starting with the eighth-largest crypto asset by market cap, Martinez tells his 35,700 followers on the X social media platform that “with no sign…",https://dailyhodl.com/2023/12/16/trader-says-path-looks-clear-for-cardano-to-move-higher-predicts-big-price-move-for-controversial-altcoin/,https://dailyhodl.com/wp-content/uploads/2023/12/Looks-Clear-for-Cardano.jpg,2023-12-16T10:15:15Z,"Crypto analyst and trader Ali Martinez is expressing bullish sentiment on Cardano (ADA) and one low-cap altcoin.
Starting with the eighth-largest crypto asset by market cap, Martinez tells his 35,70… [+1791 chars]"
91,"{'id': None, 'name': 'Biztoc.com'}",youtube.com,Charles Hoskinson Talks Lace Wallet,Charles Hoskinson the founder of Cardano (ADA) talks the upcoming Lace Wallet. Visit the main channel ... #charleshoskinson #ada #lacewallet,https://biztoc.com/x/932d6a312452d27c,https://c.biztoc.com/p/932d6a312452d27c/s.webp,2023-12-16T09:38:21Z,"Charles Hoskinson the founder of Cardano (ADA) talks the upcoming Lace Wallet. Visit the main channel ...
#charleshoskinson#ada#lacewallet
This story appeared on youtube.com, ."
92,"{'id': None, 'name': 'Biztoc.com'}",thecryptobasic.com,Analyst Predicts $32 Price for Cardano in Next Bull Market,"Prominent crypto analyst Jason Appleton makes a jaw-dropping prediction for Cardano, as he expects ADA to hit a whopping $32 in the upcoming bull market. In a recent tweet by Appleton, the analyst speculated that ADA could be one of the best-performing altcoi…",https://biztoc.com/x/3e4d5a7a6de8b5a3,https://c.biztoc.com/p/3e4d5a7a6de8b5a3/s.webp,2023-12-16T09:10:07Z,"Prominent crypto analyst Jason Appleton makes a jaw-dropping prediction for Cardano, as he expects ADA to hit a whopping $32 in the upcoming bull market.In a recent tweet by Appleton, the analyst spe… [+315 chars]"
93,"{'id': None, 'name': 'Biztoc.com'}",u.today,ADA Price to Reach $0.7 But Beware of This Danger: Analyst,"Crypto analyst who calls himself Ali on the Twitter/X platform published a post about the potential moves Cardano is about to make. He suggests that two scenarios are likely, depending on the coin’s behavior as it is forming an important pattern on the chart.…",https://biztoc.com/x/cf59c2b9f6188432,https://c.biztoc.com/p/cf59c2b9f6188432/s.webp,2023-12-16T08:26:07Z,"Crypto analyst who calls himself Ali on the Twitter/X platform published a post about the potential moves Cardano is about to make. He suggests that two scenarios are likely, depending on the coins b… [+242 chars]"
94,"{'id': None, 'name': 'CryptoGlobe'}",Siamak Masnavi,ETC Group Explains Why ‘2024 Is Poised To Be a Transformative Year for Cryptoassets’,"On 15 December 2023, ETC Group released its 43-page “2024 Outlook” report. This comprehensive analysis, headed by Dr. André Dragosch, provides valuable insights into the future trajectory of Bitcoin and other major cryptoassets. The report discusses various f…",https://www.cryptoglobe.com/latest/2023/12/etc-group-explains-why-2024-is-poised-to-be-a-transformative-year-for-cryptoassets/,https://media.cryptoglobe.com/2021/07/ethereum-6293700_1920-768x509.jpg,2023-12-16T07:54:29Z,"On 15 December 2023, ETC Group released its 43-page 2024 Outlook report. This comprehensive analysis, headed by Dr. André Dragosch, provides valuable insights into the future trajectory of Bitcoin an… [+5811 chars]"
95,"{'id': None, 'name': 'Biztoc.com'}",newsbtc.com,Crypto Analyst Forecasts Cardano Price Surge To $0.70,"Cardano price has had a stop-start performance over the past week, with the bulls struggling to maintain their hold above the $0.60 price level. This comes at a period when the premier cryptocurrency, Bitcoin, has been shedding a portion of its recently-accru…",https://biztoc.com/x/b5b0017e4a566941,https://c.biztoc.com/p/b5b0017e4a566941/s.webp,2023-12-16T07:44:07Z,"Cardano price has had a stop-start performance over the past week, with the bulls struggling to maintain their hold above the $0.60 price level. This comes at a period when the premier cryptocurrency… [+238 chars]"
96,"{'id': None, 'name': 'newsBTC'}",Opeyemi Sule,Crypto Analyst Forecasts Cardano Price Surge To $0.70 – Here’s How,"Cardano price has had a stop-start performance over the past week, with the bulls struggling to maintain their hold above the $0.60 price level. This comes at a period when the premier cryptocurrency, Bitcoin, has been shedding a portion of its recently-accru…",http://www.newsbtc.com/news/cardano/crypto-analyst-forecasts-cardano-price-surge-to-0-70-heres-how/,https://www.newsbtc.com/wp-content/uploads/2023/05/Cardano-1536x997-1.jpg,2023-12-16T07:35:37Z,"Cardano price has had a stop-start performance over the past week, with the bulls struggling to maintain their hold above the $0.60 price level. This comes at a period when the premier cryptocurrency… [+2794 chars]"
97,"{'id': None, 'name': 'Biztoc.com'}",coingape.com,"Price Drops 5% At Key Support Zone, Will the Rally Continue?","The world’s eighth-largest cryptocurrency by market cap – Cardano (ADA) – has been facing some volatility this week. After making an 18% surge to $0.67 earlier this week, Cardano is facing a major price retracement as of now. Cardano (ADA) Price Drops 5% Reno…",https://biztoc.com/x/61daf918e530dbf6,https://c.biztoc.com/p/61daf918e530dbf6/s.webp,2023-12-16T04:02:21Z,"The worlds eighth-largest cryptocurrency by market cap Cardano (ADA) has been facing some volatility this week. After making an 18% surge to $0.67 earlier this week, Cardano is facing a major price r… [+306 chars]"
98,"{'id': None, 'name': 'newsBTC'}",Ronaldo Marquez,"Arbitrum Network Faces Major Outage, ARB Token Faces 4% Decline","Arbitrum (ARB), a prominent Ethereum scaling solution, encountered a significant downtime event on December 15, according to the network’s status page.  The incident prompted an immediate investigation into the root cause and the deployment of a fix. As of th…",http://www.newsbtc.com/analysis/arb/arbitrum-network-faces-major-outage-arb-token-faces-4-decline/,https://www.newsbtc.com/wp-content/uploads/2023/12/shutterstock_download-2-4.jpg?fit=462%2C260,2023-12-16T01:00:56Z,"Arbitrum (ARB), a prominent Ethereum scaling solution, encountered a significant downtime event on December 15, according to the network’s status page. 
The incident prompted an immediate investigat… [+3013 chars]"
99,"{'id': None, 'name': 'newsBTC'}",Ronaldo Marquez,"Solana’s BONK Token Rockets To New Heights, Surging 121% On Binance Listing News","In an unexpected turn of events, the Solana-based memecoin Bonk (BONK) has experienced an extraordinary 1,000% monthly surge following its recent listings on major cryptocurrency exchanges.  The momentum began with Coinbase’s listing, followed closely by Bina…",http://www.newsbtc.com/news/solanas-bonk-token-rockets-to-new-heights-surging-121-on-binance-listing-news/,https://www.newsbtc.com/wp-content/uploads/2023/12/shutterstock_download-2-2.jpg?fit=462%2C260,2023-12-15T22:00:20Z,"In an unexpected turn of events, the Solana-based memecoin Bonk (BONK) has experienced an extraordinary 1,000% monthly surge following its recent listings on major cryptocurrency exchanges. 
The mom… [+3620 chars]"
