,source,author,title,description,url,urlToImage,publishedAt,content
0,"{'id': 'the-times-of-india', 'name': 'The Times of India'}",Navdeep Singh,"Crypto Price Today: Bitcoin falls below $41,200; Shiba Inu, Avalanche shed up to 6%","""The absence of clear dominance by either buyers or sellers, combined with the rate positioned away from support and resistance levels, suggests BTC might trade sideways between US$41,000 and US$43,000 in the coming days,"" Edul said",https://economictimes.indiatimes.com/markets/cryptocurrency/crypto-prices-today-live-news-bitcoin-dogecoin-ethereum-shibha-inu-cryptocurrency-latest-updates-18-december-2023/articleshow/106083745.cms,"https://img.etimg.com/thumb/msid-106083764,width-1200,height-630,imgsize-86842,overlay-etmarkets/photo.jpg",2023-12-18T08:08:55Z,"Major crypto tokens were trading in the red on Monday, dragged by losses in Bitcoin, Ethereum, Avalanche and Solana. The global cryptocurrency market cap also declined nearly 2% to around $1.56 trill… [+2760 chars]"
1,"{'id': None, 'name': 'Biztoc.com'}",coinjournal.net,Bitget announces listing of TonUP on Launchpad,"Victoria, Seychelles, December 15th, 2023, Chainwire Bitget, the world’s leading cryptocurrency exchange and Web3 company, announced it will list the initial exchange offering (IEO) of the high-potential blockchain project TonUP on its Bitget Launchpad platfo…",https://biztoc.com/x/2f7aa88eaf5f1bb2,https://c.biztoc.com/p/2f7aa88eaf5f1bb2/s.webp,2023-12-15T17:46:08Z,"Victoria, Seychelles, December 15th, 2023, ChainwireBitget, the worlds leading cryptocurrency exchange and Web3 company, announced it will list the initial exchange offering (IEO) of the high-potenti… [+290 chars]"
2,"{'id': 'the-times-of-india', 'name': 'The Times of India'}",Navdeep Singh,"Crypto Price Today: Bitcoin rises above $42,700; Cardano jumps 17% after","Fed Chair Jerome Powell said the Fed is aware of the risks of keeping rates higher for too long and lowering them too late, bolstering expectations of a rate cut in early 2024.",https://economictimes.indiatimes.com/markets/cryptocurrency/crypto-podcast/crypto-prices-today-live-news-bitcoin-dogecoin-ethereum-shibha-inu-cryptocurrency-latest-updates-14-december-2023/articleshow/105984376.cms,"https://img.etimg.com/thumb/msid-105984414,width-1200,height-630,imgsize-105004,overlay-etmarkets/photo.jpg",2023-12-14T07:46:36Z,Major crypto tokens were trading higher in Thursday's trade after the US Federal Reserve flagged the end of its tightening cycle and bolstered expectations of a rate cut in March 2024.The Fed acknowl… [+2715 chars]
3,"{'id': 'the-times-of-india', 'name': 'The Times of India'}",Navdeep Singh,"Crypto Price Today: Bitcoin falls below $41,000 ahead of Fed policy decision; Avalanche declines over 14%","The cryptocurrency markets were trading lower on Wednesday after US data reignited inflation concerns and elevated bets of a delay in rate cuts, ahead of the Federal Reserve's policy decision.",https://economictimes.indiatimes.com/markets/cryptocurrency/crypto-price-today-bitcoin-falls-below-41000-ahead-of-fed-policy-decision/articleshow/105956204.cms,"https://img.etimg.com/thumb/msid-105956348,width-1200,height-630,imgsize-104406,overlay-etmarkets/photo.jpg",2023-12-13T07:51:02Z,"The cryptocurrency markets were trading lower on Wednesday after US data reignited inflation concerns and elevated bets of a delay in rate cuts, ahead of the Federal Reserve's policy decision.Inflati… [+2159 chars]"
4,"{'id': 'the-times-of-india', 'name': 'The Times of India'}",Navdeep Singh,"Crypto Price Today: Bitcoin falls below $41,000 ahead of Fed policy decision;","The cryptocurrency markets were trading lower on Wednesday after US data reignited inflation concerns and elevated bets of a delay in rate cuts, ahead of the Federal Reserve's policy decision.",https://economictimes.indiatimes.com/markets/cryptocurrency/crypto-influencers/crypto-price-today-bitcoin-falls-below-41000-ahead-of-fed-policy-decision/articleshow/105956204.cms,"https://img.etimg.com/thumb/msid-105956348,width-1200,height-630,imgsize-104406,overlay-etmarkets/photo.jpg",2023-12-13T07:51:02Z,"The cryptocurrency markets were trading lower on Wednesday after US data reignited inflation concerns and elevated bets of a delay in rate cuts, ahead of the Federal Reserve's policy decision.Inflati… [+2159 chars]"
5,"{'id': None, 'name': 'Biztoc.com'}",coinpedia.org,"Best Altcoins to Buy Now Before Market Explodes: Avalanche (AVAX), Toncoin (TON), Litecoin (LTC), Pullix (PLX)","The post Best Altcoins to Buy Now Before Market Explodes: Avalanche (AVAX), Toncoin (TON), Litecoin (LTC), Pullix (PLX) appeared first on Coinpedia Fintech News Analysts have picked the top altcoins that traders and crypto enthusiasts should consider before t…",https://biztoc.com/x/30cf0d4d39f07942,https://c.biztoc.com/p/30cf0d4d39f07942/s.webp,2023-12-13T05:44:15Z,"The post Best Altcoins to Buy Now Before Market Explodes: Avalanche (AVAX), Toncoin (TON), Litecoin (LTC), Pullix (PLX) appeared first on Coinpedia Fintech NewsAnalysts have picked the top altcoins t… [+289 chars]"
6,"{'id': None, 'name': 'Pokeroff.ru'}",Multiceps,Как создать Telegram Wallet и использовать его для транзакций с румами,"Криптовалютный кошёлек в Телеграме — простая и удобная альтернатива другим цифровым кошелькам. Как создать счёт Telegram Wallet, как",https://www.pokeroff.ru/kak-sozdat-telegram-wallet-i-ispolzovat-ego-dlya-tranzakciy-s-rumami-post-2911762,https://www.pokeroff.ru/media/cache/cover_full/2911762-65770fe1cad65564707671.png,2023-12-11T13:37:22Z,". Telegram Wallet, .
 Wallet 
<ul><li> Tether USD (USDT) TRC-20. 15:00 11.12.2023: 1 USDT = $1.</li><li>Bitcoin (BTC) 15:00 11.12.2023: 1 BTC = $42,359;</li><li>Toncoin (TON) 15:00 11.12.2023: 1 TO… [+1022 chars]"
7,"{'id': None, 'name': 'Gadgets360.com'}","Radhika Parashar, Ketan Pratap","NFT, BTC ETF Buzz Bulked Up Crypto Cap, Breathes Back Life into Market Before 2023 Ends: Binance","The market valuation of the crypto market rose by 110 percent year-to-date, a report compiled by Binance said over the weekend. Along with Bitcoin’s market-reviving performance, there was a spike in L-1 blockchains and ZK protocols, among others.",https://www.gadgets360.com/cryptocurrency/news/binance-report-stablecoin-crypto-bitcoin-etf-cryptocurrency-market-4653029,https://i.gadgets360cdn.com/large/bitcoin_reuters_1684303356209.jpg,2023-12-11T08:17:52Z,"The market valuation of the crypto sector has risen significantly by 110 percent year-to-date, a report compiled by Binance said over the weekend. In the fourth quarter of 2023, the crypto market ros… [+2927 chars]"
8,"{'id': 'the-times-of-india', 'name': 'The Times of India'}",Navdeep Singh,"Crypto Price Today: Bitcoin falls below $41,200 amid profit booking; Toncoin, Chainlink tank over 8%","Other popular altcoins like Toncoin and Chainlink plunged 9% and 8.5%, respectively. Also, XRP, BNB, Solana, Cardano, Dogecoin, Tron, Polkadot, Polygon, Litecoin, and Shiba Inu declined 2-7%. On the other hand, Avalanche rose over 5%.",https://economictimes.indiatimes.com/markets/cryptocurrency/crypto-prices-today-live-news-bitcoin-dogecoin-ethereum-shibha-inu-cryptocurrency-latest-updates-11-december-2023/articleshow/105895881.cms,"https://img.etimg.com/thumb/msid-105895912,width-1200,height-630,imgsize-54922,overlay-etmarkets/photo.jpg",2023-12-11T06:58:13Z,"Bitcoin (BTC), the world's biggest cryptocurrency, fell 4% to $42,167 in Monday's trade, influenced by profit-taking among investors. The largest token declined as much as 5.7% from Friday's high of … [+2060 chars]"
9,"{'id': None, 'name': 'Ithome.com'}",,推出不到一年半，电报付费订阅 Telegram Premium 用户数破 400 万,IT之家 12 月 9 日消息，电报 Telegram 创始人杜洛夫（Pavel Durov）发文表示，Telegram Premium 推出还不到一年半，已成为消息应用历史上增长最快的付费订阅。Premium 订阅者数量在短短 5 个月内翻了一番，在过去 12 个月内翻了两番。如今，它的用户数量已突破 400 万。Telegram 目前每月活跃用户超过 8 亿。IT之家注意到，杜洛夫在上个月宣布将赠送 1 万个半年度高级订阅，通过加密货币 Toncoin 购买，总花费 20 万美元（当前约 143.4 万元人民…,https://www.ithome.com/0/738/148.htm,,2023-12-09T06:56:03Z,"IT 12 9 Telegram Pavel DurovTelegram Premium 
Premium 5 12 400 Telegram 8 
IT 1 Toncoin 20 143.4 
Telegram Premium 4 GB 
<ul><li> 1000 20 10 4 200 20 10 400 GIF
</li><li>4GB Telegram 2GB 
</li>… [+172 chars]"
10,"{'id': None, 'name': 'Trendmicro.com.tw'}",趨勢科技TrendMicro,《資安新聞周報》暗網外洩全台個資「含正副總統」，只賣17美元/高風險賣場排名「7-11賣貨便」居首 /近4成人曾被通知個資外洩 萬事達卡推AI偵測防盜刷,⭕️ 焦點新聞搶先看： 本文分享一週資安新聞及趨勢資安部落格精選。你將會看到新聞的 […],https://blog.trendmicro.com.tw/?p=79969,,2023-12-08T07:10:06Z,"⭕️ 
<ul><li>37-112</li><li>475</li><li>616.8%22.5%19.6%</li><li> Chrome GoogleChrome </li></ul>
7-11         
4 AI          
BurberryLV         
6NCCiOS2          
17     BLOCKTEMPO
1.4      … [+4726 chars]"
11,"{'id': 'the-times-of-india', 'name': 'The Times of India'}",Navdeep Singh,"Crypto Price Today: Bitcoin holds near $44,000; XRP, Cardano rise up to 5%","The cryptocurrency markets were trading higher on Thursday, led by Bitcoin, XRP, and Cardano. The global cryptocurrency market cap also surged 1.07% to around $1.6 trillion in the last 24 hours.",https://economictimes.indiatimes.com/markets/cryptocurrency/crypto-price-today-bitcoin-holds-near-44000-xrp-cardano-rise-up-to-5/articleshow/105806993.cms,"https://img.etimg.com/thumb/msid-105806973,width-1200,height-630,imgsize-48518,overlay-etmarkets/photo.jpg",2023-12-07T08:06:48Z,"The cryptocurrency markets were trading higher on Thursday, led by Bitcoin, XRP, and Cardano. The global cryptocurrency market cap also surged 1.07% to around $1.6 trillion in the last 24 hours.At 12… [+2266 chars]"
12,"{'id': None, 'name': 'Cointelegraph'}",Rakesh Upadhyay,"Análisis de precios al 6/12: BTC, ETH, BNB, XRP, SOL, ADA, DOGE, AVAX, LINK, TON","Bitcoin está siendo testigo de retiros de beneficios por parte de los holders a corto plazo, pero los inversores institucionales siguen poniendo dinero en productos de inversión en BTC.
 Bitcoin (BTC) ha subido más de un 10% esta semana. Esto demuestra que lo…",https://es.cointelegraph.com/news/price-analysis-12-6-btc-eth-bnb-xrp-sol-ada-doge-avax-link-ton,"https://images.cointelegraph.com/cdn-cgi/image/format=auto,onerror=redirect,quality=90,width=1200/https://s3.cointelegraph.com/uploads/2023-12/174039d9-b0c6-4b89-b3ac-140c546ac77b.jpg",2023-12-06T20:15:00Z,"Bitcoin (BTC) ha subido más de un 10% esta semana. Esto demuestra que los inversores se apresuran a comprar Bitcoin, ya que prevén que el precio siga subiendo. Los datos de CoinShares muestran que lo… [+10464 chars]"
13,"{'id': None, 'name': 'Cointelegraph'}",Cointelegraph by Rakesh Upadhyay,"Price analysis 12/6: BTC, ETH, BNB, XRP, SOL, ADA, DOGE, AVAX, LINK, TON","Bitcoin is witnessing profit-booking by short-term holders, but institutional investors continue to put money into BTC investment products.",https://cointelegraph.com/news/price-analysis-12-6-btc-eth-bnb-xrp-sol-ada-doge-avax-link-ton,"https://images.cointelegraph.com/cdn-cgi/image/format=auto,onerror=redirect,quality=90,width=1200/https://s3.cointelegraph.com/uploads/2023-12/174039d9-b0c6-4b89-b3ac-140c546ac77b.jpg",2023-12-06T18:32:45Z,"Bitcoin (BTC) has been on a tear, rising more than 10% this week. This shows that traders are urgently scrambling to buy Bitcoin as they anticipate the price to rally further. CoinShares data shows t… [+8604 chars]"
14,"{'id': None, 'name': 'Cointelegraph'}",Gareth Jenkinson,Animoca Brands fue mayor validador de blockchain TON en 2023,"Animoca Brands se convirtió en el mayor validador de la blockchain TON en 2023, apostando por el efecto de red de los 800 millones de usuarios de Telegram para impulsar la adopción de GameFi.
 El cofundador de Animoca Brands, Yat Siu, confía en que una serie …",https://es.cointelegraph.com/news/animoca-bullish-on-ton-partnership-as-bitcoin-sets-strong-foundation-for-2024,"https://images.cointelegraph.com/cdn-cgi/image/format=auto,onerror=redirect,quality=90,width=1200/https://s3.cointelegraph.com/uploads/2023-12/acbbf11d-cc4d-4506-9946-2800cfe7d983.jpg",2023-12-06T15:30:00Z,"El cofundador de Animoca Brands, Yat Siu, confía en que una serie de inversiones y asociaciones podrían resultar fructíferas en 2024, a medida que el interés institucional general por bitcoin (BTC) c… [+3843 chars]"
15,"{'id': None, 'name': 'Biztoc.com'}",cointelegraph.com,Animoca’s Yat Siu bullish on TON partnership as Bitcoin sets strong foundation for 2024,Animoca Brands co-founder Yat Siu is confident that a number of investments and partnerships could prove fruitful in 2024 as mainstream institutional interest in Bitcoin gathers a head of steam. Speaking exclusively to Cointelegraph at the Next Block Expo eve…,https://biztoc.com/x/30cbf1c8dee01e01,https://c.biztoc.com/p/30cbf1c8dee01e01/s.webp,2023-12-06T09:14:10Z,Animoca Brands co-founder Yat Siu is confident that a number of investments and partnerships could prove fruitful in 2024 as mainstream institutional interest in Bitcoin gathers a head of steam.Speak… [+287 chars]
16,"{'id': None, 'name': 'Cointelegraph'}",Cointelegraph by Gareth Jenkinson,Animoca’s Yat Siu bullish on TON partnership as Bitcoin sets strong foundation for 2024,"Animoca Brands became the biggest validator of the TON blockchain in 2023, banking on the network effect of Telegram’s 800 million users to drive GameFi adoption.",https://cointelegraph.com/news/animoca-bullish-on-ton-partnership-as-bitcoin-sets-strong-foundation-for-2024,"https://images.cointelegraph.com/cdn-cgi/image/format=auto,onerror=redirect,quality=90,width=1200/https://s3.cointelegraph.com/uploads/2023-12/acbbf11d-cc4d-4506-9946-2800cfe7d983.jpg",2023-12-06T09:10:20Z,"Animoca Brands co-founder Yat Siu is confident that a number of investments and partnerships could prove fruitful in 2024 as mainstream institutional interest in Bitcoin gathers a head of steam.
Spe… [+3057 chars]"
17,"{'id': 'the-times-of-india', 'name': 'The Times of India'}",Navdeep Singh,"Crypto Price Today: Bitcoin crosses $43,000 mark; Dogecoin, Avalanche jump up to 12%","""BTC has sustained its upward momentum for the fifth consecutive day. This surge is primarily fueled by speculation surrounding the approval of a Bitcoin spot ETF, with investors and traders anticipating approval in 2024,"" said the CoinDCX Research Team.",https://economictimes.indiatimes.com/markets/cryptocurrency/crypto-price-today-bitcoin-crosses-43000-mark-dogecoin-avalanche-jump-up-to-12/articleshow/105775618.cms,"https://img.etimg.com/thumb/msid-105775607,width-1200,height-630,imgsize-54922,overlay-etmarkets/photo.jpg",2023-12-06T06:50:06Z,"Bitcoin (BTC), the world's biggest cryptocurrency, jumped over 4.2% to $43,671 in Wednesday's trade. Experts say this upward price shift is likely a response to heightened interest from institutional… [+2456 chars]"
18,"{'id': None, 'name': 'Habr.com'}",SpaceFinance,Все о TON. Как устроен и работает The Open Network,"P.S. Начать хочу с новости: 31 октября блокчейн TON в ходе публичного тестирования установил мировой рекорд, выполнив более 100 000 транзакций в секундуДля сравнения, предыдущий рекорд принадлежал блокчейну Solana. Это самый высокий показатель не только среди…",https://habr.com/ru/articles/778728/#post-content-body,https://habrastorage.org/getpro/habr/upload_files/ac3/9ca/ea1/ac39caea10c745e24bab645f5233ce2e.jpg,2023-12-06T02:25:53Z,"P.S. :
31 TON , 100 000 
 , Solana. , , Visa Mastercard. , .
Telegram Open Network
2018 Telegram Open Network (TON). Telegram TON, , . 
TON , Visa MasterCard .
Telegram Open Network , , , , , T… [+1039 chars]"
19,"{'id': None, 'name': 'Biztoc.com'}",cryptodaily.co.uk,"Crypto Gold Rush: Uncover the Hidden Gems of JETTON, Toncoin (TON), and Immutable (IMX)","The crypto market is in a bullish mood as investors eagerly contemplate the possibility of Bitcoin surging beyond the $40,000 mark. Recent positive developments, which address a long-standing concern within the crypto community, are behind this increased opti…",https://biztoc.com/x/c051e4fc16272f82,https://c.biztoc.com/p/c051e4fc16272f82/s.webp,2023-12-05T22:35:20Z,"The crypto market is in a bullish mood as investors eagerly contemplate the possibility of Bitcoin surging beyond the $40,000 mark. Recent positive developments, which address a long-standing concern… [+300 chars]"
20,"{'id': None, 'name': 'Cointelegraph'}",Rakesh Upadhyay,"Análisis de precios al 1/12: BTC, ETH, BNB, XRP, SOL, ADA, DOGE, TON, LINK, AVAX","El precio del bitcoin alcanzó un nuevo máximo anual el 1 de diciembre y varias altcoins siguen su ejemplo. ¿Se prepara el mercado de criptomonedas para un rally de Navidad?
 Bitcoin (BTC) aumentó aproximadamente un 9% en noviembre, encontrando dificultades pa…",https://es.cointelegraph.com/news/price-analysis-12-1-btc-eth-bnb-xrp-sol-ada-doge-ton-link-avax,"https://images.cointelegraph.com/cdn-cgi/image/format=auto,onerror=redirect,quality=90,width=1200/https://s3.cointelegraph.com/uploads/2023-12/1d9d69c0-ed9b-43a8-b7b4-630fb18573f2.jpg",2023-12-01T20:05:00Z,"Bitcoin (BTC) aumentó aproximadamente un 9% en noviembre, encontrando dificultades para superar los USD 38,000. Los compradores han intentado repetidamente mantener el precio por encima de los USD 38… [+10111 chars]"
21,"{'id': None, 'name': 'Cointelegraph'}",Cointelegraph by Rakesh Upadhyay,"Price analysis 12/1: BTC, ETH, BNB, XRP, SOL, ADA, DOGE, TON, LINK, AVAX",Bitcoin and altcoins entered the month of December with a significant show of strength. Cointelegraph explores what's behind the bullish momentum.,https://cointelegraph.com/news/price-analysis-12-1-btc-eth-bnb-xrp-sol-ada-doge-ton-link-avax,"https://images.cointelegraph.com/cdn-cgi/image/format=auto,onerror=redirect,quality=90,width=1200/https://s3.cointelegraph.com/uploads/2023-12/1d9d69c0-ed9b-43a8-b7b4-630fb18573f2.jpg",2023-12-01T18:28:22Z,"Bitcoin (BTC) rallied about 9% in November, with $38,000 proving to be a difficult obstacle to cross. Buyers have repeatedly tried to maintain the price above $38,000, but the bears have held their g… [+8531 chars]"
22,"{'id': 'the-times-of-india', 'name': 'The Times of India'}",Navdeep Singh,"Crypto Price Today: Bitcoin holds near $38,000; Solana, Avalanche rise up to 3%","""Price movements across the crypto market remain predominantly bearish as investors and money managers grapple with the potential repercussions of intensified regulatory measures targeting the industry,"" said ZebPay Trade desk.",https://economictimes.indiatimes.com/markets/cryptocurrency/crypto-prices-today-live-news-bitcoin-dogecoin-ethereum-shibha-inu-cryptocurrency-latest-updates-30-november-2023/articleshow/105613617.cms,"https://img.etimg.com/thumb/msid-105613725,width-1200,height-630,imgsize-54922,overlay-etmarkets/photo.jpg",2023-11-30T06:31:25Z,"Major cryptocurrencies were trading mixed on Thursday. Bitcoin (-0.08%), Ethereum (-1%), BNB (-0.8%), Polkadot (-2.1), and Shiba Inu (-1.4%) were trading in the red, while Solana (3.3%), Dogecoin (0.… [+2096 chars]"
23,"{'id': None, 'name': 'Cointelegraph'}",Rakesh Upadhyay,"Análisis de precios del 29 de noviembre: BTC, ETH, BNB, XRP, SOL, ADA, DOGE, TON, LINK, AVAX","Bitcoin lucha por mantenerse por encima de los USD 38,000, pero los alcistas no han cedido mucho terreno, lo que aumenta la posibilidad de un repunte hacia los USD 40,000, según algunos analistas.
 Bitcoin (BTC) está intentando mantenerse por encima de la res…",https://es.cointelegraph.com/news/price-analysis-11-29-btc-eth-bnb-xrp-sol-ada-doge-ton-link-avax,"https://images.cointelegraph.com/cdn-cgi/image/format=auto,onerror=redirect,quality=90,width=1200/https://s3.cointelegraph.com/uploads/2023-11/b6457b11-7869-44b6-b34c-df0c7c696e61.jpg",2023-11-29T18:58:00Z,"Bitcoin (BTC) está intentando mantenerse por encima de la resistencia principal de USD 38,000 por segundo día consecutivo para iniciar la siguiente etapa de la tendencia alcista. La emoción entre los… [+10191 chars]"
24,"{'id': None, 'name': 'Cointelegraph'}",Cointelegraph By Rakesh Upadhyay,"Price analysis 11/29: BTC, ETH, BNB, XRP, SOL, ADA, DOGE, TON, LINK, AVAX","Bitcoin and select altcoins are struggling to rise above their respective overhead resistance levels, signaling a short-term correction, which is likely to be bought.",https://cointelegraph.com/news/price-analysis-11-29-btc-eth-bnb-xrp-sol-ada-doge-ton-link-avax,"https://images.cointelegraph.com/cdn-cgi/image/format=auto,onerror=redirect,quality=90,width=1200/https://s3.cointelegraph.com/uploads/2023-11/b6457b11-7869-44b6-b34c-df0c7c696e61.jpg",2023-11-29T18:48:30Z,"Bitcoin (BTC) is trying to sustain above the overhead resistance of $38,000 for the second consecutive day and start the next leg of the uptrend. The excitement among market observers may have increa… [+8379 chars]"
25,"{'id': None, 'name': 'Overclockers.ru'}",bitcoin,"Когда покупать альткоины, чтобы успеть на альтсезон","Криптовалютный рынок снижается, но в сообществе по-прежнему считают, что со дня на день начнется мощный бычий тренд",https://overclockers.ru/blog/BitcoinCrypto/show/122759/kogda-pokupat-altkoiny-chtoby-uspet-na-altsezon,https://overclockers.ru/st/legacy/blog/429967/444409_O.jpeg,2023-11-28T20:30:19Z,", . .
 , , .
 , $1,5 , .
 , .
 52,8%, Tradingview, .
 "" "" . Muro , , Ethereum.
 Jelle , , , .
, $1,4 CoinMarketCap. Solana (SOL), Toncoin (TON) Uniswap (UNI), 2-3%, Tron (TRX), Bitcoin Cash (B… [+15 chars]"
26,"{'id': None, 'name': 'Biztoc.com'}",benzinga.com,"TON Trades High Amid Animoca Brands Expanding Investment In TON Blockchain, Becoming Its Largest Validator","Web3 investment company Animoca Brands announced it has become the largest validator of The Open Network TON/USD blockchain as part of its plan to onboard the next million Web3 users, a company press release stated. At the time of writing, TON's price is trad…",https://biztoc.com/x/ba1d75a520cfcb1e,https://c.biztoc.com/p/ba1d75a520cfcb1e/s.webp,2023-11-28T20:20:06Z,"Web3 investment company Animoca Brands announced it has become the largest validator of The Open Network TON/USD blockchain as part of its plan to onboard the next million Web3 users, a company press… [+297 chars]"
27,"{'id': None, 'name': 'Cointelegraph'}",Gareth Jenkinson,Animoca se convierte en el mayor validador de la blockchain TON de Telegram,"Animoca Brands invierte en el protocolo blockchain TON de Telegram y se convierte en su mayor validador, mientras mira al desarrollo de GameFi en la plataforma.
 La firma de inversión en Web3 Animoca Brands está a punto de convertirse en el mayor validador de…",https://es.cointelegraph.com/news/animoca-becomes-validator-telegram-ton-blockchain,"https://images.cointelegraph.com/cdn-cgi/image/format=auto,onerror=redirect,quality=90,width=1200/https://s3.cointelegraph.com/uploads/2023-11/5c4ecb75-d5fd-4aeb-8155-38e5f3ce643e.jpg",2023-11-28T12:50:00Z,La firma de inversión en Web3 Animoca Brands está a punto de convertirse en el mayor validador de la blockchain TON (The Open Network) de Telegram y planea ofrecer juegos basados en blockchain a la b… [+4103 chars]
28,"{'id': None, 'name': 'Biztoc.com'}",cointelegraph.com,Animoca becomes largest validator of Telegram's TON blockchain,Web3 investment firm Animoca Brands is set to become the largest validator of Telegram’s TON (The Open Network) blockchain and plans to deliver blockchain-based games to the messaging app’s 800 million strong user base. An announcement shared with Cointelegra…,https://biztoc.com/x/89e0afdf7e2bfcf6,https://c.biztoc.com/p/89e0afdf7e2bfcf6/s.webp,2023-11-28T12:08:16Z,Web3 investment firm Animoca Brands is set to become the largest validator of Telegrams TON (The Open Network) blockchain and plans to deliver blockchain-based games to the messaging apps 800 million… [+290 chars]
29,"{'id': None, 'name': 'Cointelegraph'}",Cointelegraph By Gareth Jenkinson,Animoca becomes largest validator of Telegram's TON blockchain,"Animoca Brands partners with Telegram's TON blockchain, becoming its largest network validator as it looks to develop and distributed Web3 games across the TON ecosystem.",https://cointelegraph.com/news/animoca-becomes-validator-telegram-ton-blockchain,"https://images.cointelegraph.com/cdn-cgi/image/format=auto,onerror=redirect,quality=90,width=1200/https://s3.cointelegraph.com/uploads/2023-11/5c4ecb75-d5fd-4aeb-8155-38e5f3ce643e.jpg",2023-11-28T11:54:51Z,Web3 investment firm Animoca Brands is set to become the largest validator of Telegrams TON (The Open Network) blockchain and plans to deliver blockchain-based games to the messaging apps 800 million… [+3224 chars]
30,"{'id': None, 'name': 'BeInCrypto'}",Luis Jesús Blanco Crespo,Se acerca la altseason: ¿Es ésta la última oportunidad de compra con descuento?,"En vista del retroceso del mercado, los analistas creen que la ""altseason"" aún no ha llegado, lo que sugiere que puede ser la última oportunidad para ""comprar la caída"".
El post Se acerca la altseason: ¿Es ésta la última oportunidad de compra con descuento? f…",https://es.beincrypto.com/altseason-oportunidad-compra/,https://s32679.pcdn.co/wp-content/uploads/2023/11/bic_altcoins_positive_evening_sand_desert_mountains.jpg.webp,2023-11-28T11:32:00Z,"A pesar del retroceso del mercado, la comunidad cripto sigue hablando de la altseason. Sin embargo, la mayoría de los analistas coinciden en que aún no ha llegado, por lo que ¿Es esta la última gran … [+3181 chars]"
31,"{'id': None, 'name': 'Biztoc.com'}",thecryptobasic.com,Can Euler Network Beat TRON And Toncoin With Its 300X Potential,"As the cryptocurrency landscape continues to evolve, decentralization stands at the forefront of discussions. This article takes a deep dive into analyzing the decentralization strategies of the Euler Network ($EUL). With an impressive $3 million success in j…",https://biztoc.com/x/d16c8e9bf8ec42ce,https://c.biztoc.com/p/d16c8e9bf8ec42ce/s.webp,2023-11-25T15:12:08Z,"As the cryptocurrency landscape continues to evolve, decentralization stands at the forefront of discussions. This article takes a deep dive into analyzing the decentralization strategies of the Eule… [+279 chars]"
32,"{'id': None, 'name': 'ZyCrypto'}",Guest Author,ROI Potential: Euler Network Takes on Noteworthy Cryptos,"In the world of cryptocurrency, three projects have emerged as noteworthy players, each bringing its unique flavour to the table. Euler Network(EUL), Toncoin(TON), and Shiba Inu  (SHIB) represent diverse visions and goals within the crypto space. This article…",https://zycrypto.com/roi-potential-euler-network-takes-on-noteworthy-cryptos/,https://zycrypto.com/wp-content/uploads/2023/11/ROI-Potential-Euler-Network-Takes-on-Noteworthy-Cryptos.jpg,2023-11-25T13:46:00Z,"In the world of cryptocurrency, three projects have emerged as noteworthy players, each bringing its unique flavour to the table. Euler Network(EUL), Toncoin(TON), and Shiba Inu  (SHIB) represent div… [+2449 chars]"
33,"{'id': None, 'name': 'Cointelegraph'}",Rakesh Upadhyay,"Análisis de precios al 24/11: BTC, ETH, BNB, XRP, SOL, ADA, DOGE, TON, LINK, AVAX","Bitcoin ha superado los USD 38,000, despejando el camino para un repunte al alza. ¿Le seguirán las altcoins?
 Bitcoin (BTC) superó la resistencia de USD 38,000 el 24 de noviembre, lo que indica que el sentimiento es positivo y que los alcistas han mantenido l…",https://es.cointelegraph.com/news/price-analysis-11-24-btc-eth-bnb-xrp-sol-ada-doge-ton-link-avax,"https://images.cointelegraph.com/cdn-cgi/image/format=auto,onerror=redirect,quality=90,width=1200/https://s3.cointelegraph.com/uploads/2023-11/5ffc06a1-5365-4936-a33d-327eac0c92dd.jpg",2023-11-24T18:50:00Z,"Bitcoin (BTC) superó la resistencia de USD 38,000 el 24 de noviembre, lo que indica que el sentimiento es positivo y que los alcistas han mantenido la presión. El consejero delegado de Independent Re… [+8697 chars]"
34,"{'id': None, 'name': 'Cointelegraph'}",Cointelegraph By Rakesh Upadhyay,"Price analysis 11/24: BTC, ETH, BNB, XRP, SOL, ADA, DOGE, TON, LINK, AVAX","Bitcoin price hit a 2023 high above $38,400 as traders place their new target north of $40,000.",https://cointelegraph.com/news/price-analysis-11-24-btc-eth-bnb-xrp-sol-ada-doge-ton-link-avax,"https://images.cointelegraph.com/cdn-cgi/image/format=auto,onerror=redirect,quality=90,width=1200/https://s3.cointelegraph.com/uploads/2023-11/5ffc06a1-5365-4936-a33d-327eac0c92dd.jpg",2023-11-24T17:58:12Z,"Bitcoin (BTC) broke above the overhead resistance of $38,000 on Nov. 24, indicating that the sentiment is positive and bulls have kept up the pressure. Independent Reserve CEO Adrian Przelozny told C… [+8624 chars]"
35,"{'id': 'the-times-of-india', 'name': 'The Times of India'}",ETMarkets.com,"Crypto Price Today: Bitcoin rises above $37,400; XRP, Cardano surge up to 3%","Other popular altcoins, such as XRP and Cardano, advanced 2.2% and 2.9%, respectively. Also, Dogecoin, Tron, Toncoin, and Polygon surged 1-2%.",https://economictimes.indiatimes.com/markets/cryptocurrency/crypto-price-today-bitcoin-rises-above-37400-xrp-cardano-surge-up-to-3/articleshow/105468529.cms,"https://img.etimg.com/thumb/msid-105468546,width-1200,height-630,imgsize-105004,overlay-etmarkets/photo.jpg",2023-11-24T07:43:35Z,"Major crypto tokens traded higher for the second consecutive day on Friday, recovering from Wednesday's decline after Binance founder and CEO Changpeng Zhao resigned from his post and pleaded guilty … [+2258 chars]"
36,"{'id': None, 'name': 'Zataz.com'}",Damien Bancal,DDoSia Project propose de l’argent à TOUS ses utilisateurs,"Le projet DDoS Project est une action de hackers pro russes ayant pour mission de lancer des cyber attaques à l'encontre de pays et entreprises n'approuvant pas l'opération militaire contre l'Ukraine, lancée par le Kremlin, depuis février 2022....",https://www.zataz.com/ddosia-project-propose-de-largent-a-tous-ses-utilisateurs/,https://www.zataz.com/wp-content/uploads/Hack-ddos-hacktiviste-150x150.jpg,2023-11-23T15:19:59Z,"Dans une annonce récente effectuée par le pirates du projet DDoSia, les organisateurs (NoName057, KillNet, Etc.) ont dévoilé une série de changements majeurs dans le modèle financier mis en place.
D… [+2264 chars]"
37,"{'id': 'the-times-of-india', 'name': 'The Times of India'}",Navdeep Singh,"Crypto Price Today: Bitcoin rises above $37,300; Solana, Avalanche surge up to 6%","At 12:52 p.m., BTC was trading 2.4% higher at $37,372. In the last 24 hours, the market cap of Bitcoin, the world's largest cryptocurrency, surged to $730 billion.",https://economictimes.indiatimes.com/markets/cryptocurrency/crypto-prices-today-live-news-bitcoin-dogecoin-ethereum-shibha-inu-cryptocurrency-latest-updates-23-november-2023/articleshow/105439751.cms,"https://img.etimg.com/thumb/msid-105439739,width-1200,height-630,imgsize-105004,overlay-etmarkets/photo.jpg",2023-11-23T08:09:38Z,"Major crypto tokens were trading higher on Thursday, recovering from Wednesday's decline after Binance founder and CEO Changpeng Zhao resigned from his post and pleaded guilty to violating US anti-mo… [+2244 chars]"
38,"{'id': None, 'name': 'Cointelegraph'}",Rakesh Upadhyay,"Análisis de precios al 22/11: BTC, ETH, BNB, XRP, SOL, ADA, DOGE, TON, LINK, AVAX","El fuerte repunte de bitcoin y de algunas altcoins sugiere que los alcistas siguen al mando y sigue comprando barato.
 Los traders detestan la incertidumbre; por lo tanto, es probable que el acuerdo entre Binance, Changpeng ""CZ"" Zhao y el Departamento de Just…",https://es.cointelegraph.com/news/price-analysis-11-22-btc-eth-bnb-xrp-sol-ada-doge-ton-link-avax,"https://images.cointelegraph.com/cdn-cgi/image/format=auto,onerror=redirect,quality=90,width=1200/https://s3.cointelegraph.com/uploads/2023-11/9466ec5a-3e3a-4f64-82ba-2064a972e0a3.jpg",2023-11-22T19:55:00Z,"Los traders detestan la incertidumbre; por lo tanto, es probable que el acuerdo entre Binance, Changpeng ""CZ"" Zhao y el Departamento de Justicia de los Estados Unidos sea visto como positivo para el … [+11052 chars]"
39,"{'id': None, 'name': 'Cointelegraph'}",Cointelegraph By Rakesh Upadhyay,"Price analysis 11/22: BTC, ETH, BNB, XRP, SOL, ADA, DOGE, TON, LINK, AVAX",The sharp rebound in Bitcoin and select altcoins suggests that bulls remain in charge and continue to buy at lower levels.,https://cointelegraph.com/news/price-analysis-11-22-btc-eth-bnb-xrp-sol-ada-doge-ton-link-avax,"https://images.cointelegraph.com/cdn-cgi/image/format=auto,onerror=redirect,quality=90,width=1200/https://s3.cointelegraph.com/uploads/2023-11/9466ec5a-3e3a-4f64-82ba-2064a972e0a3.jpg",2023-11-22T17:58:53Z,"Traders hate uncertainty; hence, the settlement between Binance, Changpeng CZ Zhao and the United States Department of Justice is likely to be viewed as a positive for the cryptocurrency space. Analy… [+8649 chars]"
40,"{'id': None, 'name': 'ZyCrypto'}",Guest Author,Euler Network: An In-Depth Look at The Groundbreaking Crypto Venture,"Pursuing innovation and democratisation remains at the forefront of the ever-changing world of cryptocurrencies. This article will look at three distinct projects that have made waves in the cryptocurrency world: Euler Network, TONCOIN, and Shiba Inu. While e…",https://zycrypto.com/euler-network-an-in-depth-look-at-the-groundbreaking-crypto-venture/,https://zycrypto.com/wp-content/uploads/2023/11/Euler-Network-An-In-Depth-Look-at-The-Groundbreaking-Crypto-Venture.jpg,2023-11-22T16:09:47Z,Pursuing innovation and democratisation remains at the forefront of the ever-changing world of cryptocurrencies. This article will look at three distinct projects that have made waves in the cryptocu… [+2350 chars]
41,"{'id': None, 'name': 'Investing.com'}",Investing.com,Crypto market sees mixed movements as Toncoin rises and Axie Infinity falls,Crypto market sees mixed movements as Toncoin rises and Axie Infinity falls,https://www.investing.com/news/cryptocurrency-news/crypto-market-sees-mixed-movements-as-toncoin-rises-and-axie-infinity-falls-93CH-3240735,https://i-invdn-com.investing.com/news/Cryptocurrencies_800x533_L_1556527948.jpg,2023-11-22T07:32:28Z,"In recent crypto market activity, digital currencies have displayed a mix of fluctuations. Toncoin (TON) experienced a slight increase to $2.36, while other cryptocurrencies like Axie Infinity (AXS),… [+1266 chars]"
42,"{'id': None, 'name': 'Biztoc.com'}",thecryptobasic.com,"Unlocking The Crypto Potential: Euler Network, TONcoin, And Ethereum In The Crypto Coins Market","The crypto coins market has seen tremendous growth and innovation, with a myriad of coins and tokens vying for a place in the spotlight. In this ever-evolving landscape, we delve into three key players: Euler Network, TONcoin, and Ethereum; to gain insights i…",https://biztoc.com/x/d7ea052ce1d350c2,https://c.biztoc.com/p/d7ea052ce1d350c2/s.webp,2023-11-21T21:12:13Z,"The crypto coins market has seen tremendous growth and innovation, with a myriad of coins and tokens vying for a place in the spotlight. In this ever-evolving landscape, we delve into three key playe… [+299 chars]"
43,"{'id': None, 'name': 'Biztoc.com'}",cryptodaily.co.uk,"Toncoin and THORChain Rally Stalls, Everlodge Prepares for 20x Price Surge","While the crypto market struggled in August and September, Toncoin and THORChain rallied. However, these cryptos have lost momentum, with their prices now stalling. Meanwhile, investors are now turning to Everlodge. With the potential of transforming the $280…",https://biztoc.com/x/ad84132283ffb12f,https://c.biztoc.com/p/ad84132283ffb12f/s.webp,2023-11-20T16:22:46Z,"While the crypto market struggled in August and September, Toncoin and THORChain rallied. However, these cryptos have lost momentum, with their prices now stalling. Meanwhile, investors are now turni… [+298 chars]"
44,"{'id': None, 'name': 'Crypto Daily'}",Crypto Daily,"Toncoin and THORChain Rally Stalls, Everlodge Prepares for 20x Price Surge","While the crypto market struggled in August and September, Toncoin and THORChain rallied. However, these cryptos have lost momentum,",https://cryptodaily.co.uk/2023/11/toncoin-and-thorchain-rally-stalls-everlodge-prepares-for-20x-price-surge,https://cryptodaily.blob.core.windows.net/space/Screenshot%202023-11-20%20at%2016.11.37.png,2023-11-20T16:13:11Z,"Table of Contents
While the crypto market struggled in August and September, Toncoin and THORChain rallied. However, these cryptos have lost momentum, with their prices now stalling. Meanwhile, inve… [+3312 chars]"
45,"{'id': None, 'name': 'Biztoc.com'}",eng.ambcrypto.com,TON market cap flips LINK: What does it mean for you?,"TON's increasing value stemmed from more utility. Chainlink outpaced Toncoin in terms of development activity. After its token gained 2.34% in the last 24 hours, decentralized Layer-one (L1) The post TON market cap flips LINK: What does it mean for you? appea…",https://biztoc.com/x/70524c9e20739433,https://c.biztoc.com/p/70524c9e20739433/s.webp,2023-11-20T03:36:12Z,"TON's increasing value stemmed from more utility.Chainlink outpaced Toncoin in terms of development activity.After its token gained 2.34% in the last 24 hours, decentralized Layer-one (L1)The post TO… [+157 chars]"
46,"{'id': None, 'name': 'Ambcrypto.com'}",Victor Olanrewaju,TON market cap flips LINK: What does it mean for you?,"TON's increasing value stemmed from more utility.
 Chainlink outpaced Toncoin in terms of development activity.

After its token gained 2.34% in the last 24 hours, decentralized Layer-one (L1)The post TON market cap flips LINK: What does it mean for you? appe…",https://eng.ambcrypto.com/ton-market-cap-flips-link-what-does-it-mean-for-you/,https://engamb.sfo2.digitaloceanspaces.com/wp-content/uploads/2023/11/19191712/Toncoin-Chainlink_1200x900-1000x600.webp,2023-11-20T03:30:05Z,"<ul><li>TON’s increasing value stemmed from more utility.</li><li>Chainlink outpaced Toncoin in terms of development activity.</li></ul>After its token gained 2.34% in the last 24 hours, decentralize… [+2694 chars]"
